/*
Navicat MySQL Data Transfer

Source Server         : work
Source Server Version : 50540
Source Host           : localhost:3306
Source Database       : db_four_history

Target Server Type    : MYSQL
Target Server Version : 50540
File Encoding         : 65001

Date: 2021-11-24 20:51:21
*/

SET FOREIGN_KEY_CHECKS=0;

-- ----------------------------
-- Table structure for `category_detail`
-- ----------------------------
DROP TABLE IF EXISTS `category_detail`;
CREATE TABLE `category_detail` (
  `category_detail_id` int(11) NOT NULL AUTO_INCREMENT,
  `title` varchar(255) DEFAULT NULL,
  `content` text,
  `category_id` int(11) DEFAULT NULL,
  PRIMARY KEY (`category_detail_id`),
  KEY `category_id` (`category_id`),
  CONSTRAINT `category_detail_ibfk_1` FOREIGN KEY (`category_id`) REFERENCES `tab_category` (`category_id`) ON DELETE CASCADE ON UPDATE CASCADE
) ENGINE=InnoDB AUTO_INCREMENT=5 DEFAULT CHARSET=utf8;

-- ----------------------------
-- Records of category_detail
-- ----------------------------
INSERT INTO `category_detail` VALUES ('1', '中共产党党史', '<div id=\"best-content-3100712638\" accuse=\"aContent\" class=\"best-text mb-10\" style=\"height: 1313px;\">\r\n<div class=\"wgt-best-mask\" style=\"display: none;\">\r\n<div class=\"wgt-best-showbtn\">\r\n展开全部<span class=\"wgt-best-arrowdown\"></span>\r\n</div>\r\n</div>\r\n<p>党史简介：</p><p>中国共产党，简称中共，成立于1921年7月，1949年10月至今为代表工人阶级领导工农联盟和统一战线，在中国大陆实行人民民主专政的中华人民共和国唯一执政党。中国共产党建立于1921年，包括建党的第一次代表大会在内，迄今共开了十七次代表大会。民主革命时期开了七次代表大会，建立新中国，我们党成为执政党以后，已开了十次代表大会。</p><p>这十七次代表大会，集中反映了中国共产党领导全国各族人民进行革命、建设和改革的历史进程。经过前七次代表大会的历程，中国共产党为谋求中华民族的独立、争取中国人民的解放进行了不懈的努力，团结和领导优秀的中华儿女取得了民主革命的胜利。</p><p>在这一过程中，中国共产党不断发展壮大，在历届党的代表大会上明确各阶段形势，确立指导思想，适时地做出了相应对策。一部中国共产党的历史，在一定意义上说，就是一部在应对困难和成绩的考验中，总结经验、汲取教训、不断发展壮大的历史。</p><p><a href=\"https://iknow-pic.cdn.bcebos.com/8644ebf81a4c510fc912f91a6f59252dd52aa5df\" target=\"_blank\" title=\"点击查看大图\" class=\"ikqb_img_alink\" rel=\"nofollow noopener\"><img class=\"ikqb_img\" src=\"https://iknow-pic.cdn.bcebos.com/8644ebf81a4c510fc912f91a6f59252dd52aa5df?x-bce-process%3Dimage%2Fresize%2Cm_lfit%2Cw_600%2Ch_800%2Climit_1%2Fquality%2Cq_85%2Fformat%2Cf_jpg\" esrc=\"https://iknow-pic.cdn.bcebos.com/8644ebf81a4c510fc912f91a6f59252dd52aa5df\" style=\"cursor: auto;\"></a></p><p><strong>扩展资料：</strong></p><p>历史条件</p><p>一、俄国十月革命为中国送来马克思主义，为中国无产阶级的革命做了榜样，随后马克思主义为李大钊，陈独秀等先进知识分子所接受并传播，使马克思主义在中国有了很好的人民基础，为中国共产党的诞生提供了理论基础。</p><p>二、中国共产党的诞生是中国革命发展的客观需要，是马克思主义同中国工人运动相结合的产物。1840年鸦片战 争以后，国际资本主义、帝国主义的势力侵入中国，中国的社会性质由封建社会逐步演变为半殖民地半封建社会。</p><p>三、从鸦片战争到五四运动，中国人民为了反对帝国主义和封建统治进行了英勇不屈的斗争，其中主要的是太平天国农民起义和资产阶级领导的辛亥革命，但都相继失败了。历史证明，中国的农民阶级和资产阶级由于历史局限性和阶级局限性，都不能领导民主革命取得最终胜利。</p><p>四、随着帝国主义的入侵和现代工业的发展，中国产生了无产阶级，而且在不断发展壮大。无产阶级的产生和发展，为中国共产党的建立奠定了阶级基础。</p><p>五、1919年爆发的五四运动，促进了马克思主义同中国工人运动的结合，为中国共产党的建立作了思想上和组织上的准备。</p><p><strong>参考资料来源：<a href=\"https://baike.baidu.com/item/%E4%B8%AD%E5%9B%BD%E5%85%B1%E4%BA%A7%E5%85%9A%E5%8E%86%E5%8F%B2/19830644?fr=aladdin#7\" target=\"_blank\" title=\"百度百科-中国共产党历史\" rel=\"nofollow noopener\">百度百科-中国共产党历史</a></strong><br></p><p><strong><br></strong><br></p>\r\n</div>', '2');
INSERT INTO `category_detail` VALUES ('2', '新中国史', '<div id=\"content\">\r\n中华人民共和国历史开始于1949年10月1日的开国大典，前后以1978年的中国共产党十一届三中全会为标志，可分为毛泽东时代(1949年至1978年)、与以现代化建设及改革开放为主题的邓小平及后邓小平时代(1978年至今)。下面是本站为大家带来的新中国史简介，希望能帮助到大家!\r\n<h3 style=\"color:blue;\">　　新中国史简介</h3>\r\n<img alt=\"\" src=\"https://www.czhuihao.cn/uploadfile/2019/1108/20191108114604798.png\" style=\"width: 381px; height: 217px;\">\r\n<p>　　949年中华人民共和国成立，标志着中国结束了自1840年鸦片战争以来一百多年被侵略、被奴役的屈辱历史，真正成为独立自主的国家，中国人民当家作了主人，“中华民族发展进步从此开启了新纪元!”新中国成立70年来，中国共产党把马克思主义基本原理同中国具体实际相结合，领导全国各族人民进行革命、建设和改革的伟大事业，中华民族迎来了从站起来、富起来到强起来的伟大飞跃，实现了从落后于时代到赶上时代、引领时代的伟大跨越，完成了从世界体系边缘到走近世界舞台中央的华丽转身。70年来中国的发展变化，广泛而深刻地影响了中国和世界历史的发展进程，具有极其重大而深远的意义。</p>\r\n<p><strong>　　砥砺奋进的70年</strong></p>\r\n<p><strong>　　根本扭转了近代以来中国不断衰落的命运</strong></p>\r\n<p>　　中国共产党经过28年浴血奋斗，取得了新民主主义革命的伟大胜利，建立了新中国，“中华人民共和国的诞生，使亿万中国人民成了国家、社会和自己命运的主人，满怀豪情开始了实现国家富强、民族振兴、人民幸福的伟大征程。”</p>\r\n<p>　　新中国成立后，以毛泽东同志为主要代表的中国共产党人带领人民励精图治、革故鼎新，建立人民当家作主的政权，成功实现中国历史上最深刻最伟大的社会变革，确立社会主义基本制度，进行社会主义建设的艰辛探索。新中国的成立，社会主义基本制度的确立，为当代中国一切发展进步奠定了根本政治前提和制度基础。“在探索过程中，虽然经历了严重曲折，但党在社会主义革命和建设中取得的独创性理论成果和巨大成就，为在新的历史时期开创中国特色社会主义提供了宝贵经验、理论准备、物质基础。”</p>\r\n<p>　　党的十一届三中全会以后，以邓小平同志为主要代表的中国共产党人团结带领全党全国各族人民，深刻总结我国社会主义建设正反两方面经验，借鉴世界社会主义历史经验，作出把党和国家工作中心转移到经济建设上来、实行改革开放的伟大决策，确立“一个中心两个基本点”为主要内容的社会主义初级阶段基本路线，明确提出走自己的路、建设中国特色社会主义，制定了到21世纪中叶分三步走、基本实现社会主义现代化的发展战略，成功开创了中国特色社会主义，为中国的发展指明了前进方向、开辟了新的道路。</p>\r\n<p>　　从党的十三届四中全会开始，以江泽民同志为主要代表的中国共产党人团结带领全党全国各族人民，在国内外政治风波、经济风险等严峻考验面前，坚持党的基本理论基本路线，确立社会主义市场经济体制的改革目标和基本框架，确立社会主义初级阶段基本经济制度和分配制度，开创改革开放新局面，引领改革开放航船驶向21世纪。</p>\r\n<p>　　党的十六大后，以胡锦涛同志为主要代表的中国共产党人顺应国内外形势发展变化，抓住重要战略机遇期，把改革创新精神贯彻到治国理政各个环节，在推动社会主义制度自我完善和发展上迈出新的重大步伐。围绕建立社会主义市场经济体制的改革目标，出台了一系列重大改革举措，加快了由计划经济体制向社会主义市场经济体制转轨的步伐。改革不断深化，开放不断扩大。</p>\r\n<p>　　党的十八大以来，以习近平同志为主要代表的中国共产党人团结带领全党全国各族人民，全面审视国际国内新的形势，坚持统筹推进“五位一体”总体布局、协调推进“四个全面”战略布局，坚持稳中求进工作总基调，对党和国家各方面工作提出一系列新理念新思想新战略，“以巨大的政治勇气和智慧，提出全面深化改革总目标是完善和发展中国特色社会主义制度、推进国家治理体系和治理能力现代化，着力增强改革系统性、整体性、协同性，着力抓好重大制度创新，着力提升人民群众获得感、幸福感、安全感，推出1600多项改革方案，啃下了不少硬骨头，闯过了不少急流险滩，改革呈现全面发力、多点突破、蹄疾步稳、纵深推进的局面”，推动党和国家事业发生历史性变革、取得历史性成就，开启了中国特色社会主义新时代。</p>\r\n<p>　　从开启新纪元到开辟新时期，从进入新世纪到开创新时代， 70年砥砺奋进，中国人民建设社会主义现代化强国不断取得成功，从根本上扭转了近代以来中国积贫积弱的命运。“中华民族迎来了从站起来、富起来到强起来的伟大飞跃。无论是在中华民族历史上，还是在世界历史上，这都是一部感天动地的奋斗史<a href=\"https://www.cddlwy.com/list-78-1.html\" target=\"_blank\" class=\"keylink\">诗</a>。”</p>\r\n<p><strong>　　创造奇迹的70年</strong></p>\r\n<p><strong>　　为实现中华民族伟大复兴奠定了坚实基础</strong></p>\r\n<p>　　30年筚路蓝缕，40年接续奋斗，“一路走来，中国人民自力更生、艰苦奋斗，创造了举世瞩目的中国奇迹”，为实现中华民族伟大复兴奠定了坚实基础。</p>\r\n<p>　　新中国成立后，在近30年的时间里，中国人民在政治上当家作了主人，真正掌握了国家、社会和自己命运，在经济上“建立起独立的比较完整的工业体系和国民经济体系，独立研制出‘两弹一星’，成为在世界上有重要影响的大国，积累起在中国这样一个社会生产力水平十分落后的东方大国进行社会主义建设的重要经验。” 从1978年开始，40多年改革开放极大地激发了中国人民的积极性创造性，极大地解放和发展了社会生产力，极大地增强了社会发展活力，经济迅速发展，产品极大丰富，基础设施明显改善，人民生活总体水平显著提高，对外经济日益活跃，各项社会事业全面发展，社会和谐稳定，综合国力明显增强，国际地位显著提高。社会主义市场经济体制不断完善，社会主义民主法治制度不断健全，文化领域体制机制逐步完善，民生领域制度建设不断推进，生态环境保护制度框架基本形成，全面从严治党逐步实现制度化、规范化，国防和军队改革实现历史性突破。特别是党的十八大以来，“解决了许多长期想解决而没有解决的难题，办成了许多过去想办而没有办成的大事，推动党和国家事业发生历史性变革”，取得了改革开放和社会主义现代化建设全方位的、开创性的历史性成就。</p>\r\n<p>　　以经济发展为例：国内生产总值由1952年的679亿元，增加到1978年的3645亿元、 2018年的900309亿元;1952年，中国经济总量占世界的比重很小，1978年才达到1.8%， 2017年提高到15%左右，1978—2018年年均经济增速达到7.2%，创造了人类历史上经济增长奇迹。2010年，中国国内生产总值超过日本，成为世界第二大经济体，出口超过德国，成为世界第一大出口国;2013年，中国进出口的贸易总量超过美国，成为世界第一大货物贸易国。</p>\r\n<p>　　把中国建设成为现代化国家，实现中华民族的伟大复兴，是近代以来无数仁人志士孜孜以求的梦想。20世纪50年代，毛泽东同志曾不止一次地感叹：中国是个大国，但不是富国，也不是强国。汽车也不能造，飞机也不能造，大炮也不能造，坦克也不能造，许多东西我们都不能造。我们还是一个农业国。在农业国的基础上，是谈不上什么强的，也谈不上什么富的。所以，全国各界都要努力，把中国建设成为一个富强的国家。经过70年的不懈努力和接续奋斗，我国社会主义现代化建设取得巨大成就，中国人民和中华民族的前途命运发生了根本性改变，中国人民比历史上任何时期都更接近实现中华民族伟大复兴的目标，也更有信心和能力全面建成社会主义现代化强国。</p>\r\n<p><strong>　　探索道路的70年</strong></p>\r\n<p><strong>　　中国特色社会主义道路成为中华民族伟大的复兴之路</strong></p>\r\n<p>　　习近平总书记指出，“70年前，中国人民历经几代人上下求索，终于在中国共产党领导下建立了新中国，中国人民从此站了起来，中国人民的命运从此掌握在了自己手中。历经70年艰苦奋斗，中国人民立足本国国情，在实践中不断探索前进方向，开辟了中国特色社会主义道路。”</p>\r\n<p>　　新中国的历史是一部中国共产党把马克思主义基本原理同中国实际相结合，领导和团结全国各族人民进行社会主义革命、建设、改革的创业史、奋斗史、发展史、强国史。70年来，中国共产党既坚持科学社会主义的基本原则，又坚持将马克思主义与中国实际相结合，勇于解放思想、冲破旧的思想束缚，不断在实践创新的基础上实现理论创新，丰富和发展了毛泽东思想，先后产生了邓小平理论、“三个代表”重要思想、科学发展观和习近平新时代中国特色社会主义思想等重大理论成果，回答了什么是社会主义、怎样建设社会主义;建设什么样的党、怎样建设党;实现什么样的发展、怎样发展;坚持和发展什么样的中国特色社会主义、怎样坚持和发展中国特色社会主义这一系列重大时代课题，形成了中国特色社会主义理论体系，开辟了中国特色的社会主义道路，坚持和完善了中国特色社会主义制度，发展了中国特色社会主义文化，推动了中国社会发生历史性的最深刻的变革，创造了中国特色社会主义事业的辉煌。</p>\r\n<p>　　中国共产党成功开辟出的科学社会主义的正确道路，既是70年来新中国取得的巨大成就，又是中国人民创造人类社会发展史上惊天动地发展奇迹的根本原因。在中国这样一个经济文化十分落后的国家探索民族复兴的现代化道路，是极为艰巨的任务。中国取得的巨大成就，是中国共产党上下求索、正确领导的结果，是全国各族人民自力更生，艰苦奋斗，奋发图强，不断克服前进中的艰难险阻的结果，更是中国特色社会主义制度优势的彰显。正是在科学社会主义的指引下，新中国迅速改变了旧中国一穷二白的面貌，开创和拓展了中国特色社会主义道路，写下了中国历史上最壮丽、最华彩的篇章。</p>\r\n<p>　　只有社会主义才能救中国，只有中国特色社会主义才能发展中国。这是近代以来特别是新中国成立以来中国社会发展的必然结论和必然趋势。党坚持把科学社会主义的理论逻辑与中国社会发展的历史逻辑相统一，领导人民“坚持从我国国情出发，探索并形成了符合中国实际的新民主主义革命道路、社会主义改造和社会主义建设道路、中国特色社会主义道路”，开创和发展了中国特色社会主义伟大事业。事实证明，坚定不移走社会主义道路，与时俱进拓展社会主义道路，从根本上改变了中国、中国人民和中华民族的前途命运，推动中华民族伟大复兴日益展现出光明前景。坚持和发展中国特色社会主义，“是当代中国发展进步的根本方向”。中国特色社会主义道路是实现社会主义现代化、创造人民美好生活的必由之路，中国特色社会主义理论体系是指导党和人民实现中华民族伟大复兴的正确理论，中国特色社会主义制度是当代中国发展进步的根本制度保障，中国特色社会主义文化是激励全党全国各族人民奋勇前进的强大精神力量。</p>\r\n<p><strong>　　改天换地的70年</strong></p>\r\n<p><strong>　　为解决人类问题作出了巨大贡献</strong></p>\r\n<p>　　中国改天换地70年的发展变化，不仅为中国全面建成小康社会、建成社会主义现代化强国打下了坚实基础，而且为拓展发展中国家的现代化路径提供了中国经验，为优化全球治理体系贡献了中国方案，为绘制包容共生的世界文明图景作出了中国贡献，为振兴世界社会主义注入了中国力量，为改写“国强必霸”的西方逻辑提供了中国样本，为世界经济发展和人类文明进步做出了重大贡献。</p>\r\n<p>　　比如，“中国由新民主主义走向社会主义，开创和拓展中国特色社会主义道路，使社会主义这一人类社会的美好理想在古老的中国大地上变成了具有强大生命力的成功道路和制度体系。这不仅为中华民族实现伟大复兴提供了重要制度保障，而且为人类社会走向美好未来提供了具有充分说服力的道路和制度选择。”</p>\r\n<p>　　再比如，中国致力于社会主义现代化强国建设，依靠自力更生，不靠殖民掠夺，取得了旧中国和西方发达资本主义国家无法比拟的经济发展和社会进步，实现了迄今人类历史上最快速度的大规模减贫。特别是2008年下半年国际金融危机爆发，在世界主要经济体增长明显放缓甚至面临衰退的情况下，中国经济依然保持了高增速并率先回升。2013年至2017年，中国对世界经济增长的年均贡献率超过30%，超过美国、欧元区和日本贡献率的总和，居世界第一位。2018年中国经济总量首次突破90万亿元大关，按可比价格计算，同比增长6.6%，这个增速在世界前五大经济体中居首位。中国经济发展成为带动世界经济复苏的重要引擎，成为世界经济增长的主要稳定器和动力源。70年来，中国这个世界上最大发展中国家经济发展、社会稳定，即将全面建成小康社会，本身就是对人类社会的伟大贡献。中国实现现代化，意味着比现在所有发达国家人口总和还要多的中国人民进入现代化行列，是人类历史上前所未有的大变革，将更加充分地展示出其历史意义和世界意义。</p>\r\n<p>　　又比如，中国以全人类福祉为目标，彰显国际主义情怀，团结一切平等待我之民族，超越意识形态分歧、价值观念差异、文明模式冲突、社会制度矛盾，摒弃丛林法则，不搞强权独霸，从首倡和平共处五项原则到“构建人类命运共同体”，从提出“一国两制”“搁置争议共同开发”到倡议“一带一路”等，在处理国际关系、国家统一、区域发展等重大问题上，中国不断贡献自己的智慧。</p>\r\n<p>　　中国向世界提供了应对发展困局、破解治理难题、探索更好社会制度的中国智慧中国方案，扮演了促进世界和平与稳定的角色，受到国际社会普遍赞誉。</p>\r\n<h3 style=\"color:red;\">　　新中国史简介</h3>\r\n<p>　　党史、新中国史记录了中国共产党领导人民在长期实践中的探索、奋斗与发展，是我们弥足珍贵的政治财富和精神瑰宝。近日，中央“不忘初心、牢记使命”主题教育领导小组印发通知，要求把学习党史、新中国史作为“不忘初心、牢记使命”主题教育重要内容。历史是最好的教科书。我们要把学习领悟党史、新中国史作为牢记党的初心和使命的重要途径，不断强化以史为鉴、走向未来的历史思维，增强初心如磐、使命在肩的历史担当。</p>\r\n<p>　　党史新中国史是坚定理想信念的“活教材”。习近平总书记指出，理想信念是中国共产党人的政治灵魂，没有理想信念，理想信念不坚定，就会得“软骨病”。历史和实践反复证明，一个政党有了远大理想和崇高追求，就会坚强有力，无坚不摧，无往不胜，就能经受一次次挫折而又一次次奋起。我们党98年的奋斗史、新中国70年的发展史，就是一部中国共产党人为实现共产主义远大理想，前仆后继、英勇牺牲的历史，蕴含着我们党先进的政治属性、崇高的政治理想、高尚的政治追求、纯洁的政治品质。今天，我们要从革命先烈的执着信仰和追求中汲取精神动力，始终保持坚定的理想信念和坚强的革命意志，自觉做共产主义远大理想和中国特色社会主义共同理想的坚定信仰者、忠实实践者，在任何时候任何情况下理想信念不动摇、革命意志不涣散、奋斗精神不懈怠。</p>\r\n<p>　　党史新中国史是树牢“四个自信”的“奠基石”。坚持不忘初心、牢记使命，就要坚持中国特色社会主义道路自信、理论自信、制度自信、文化自信。我们党98年的奋斗史、新中国70年的发展史，就是党领导人民完成新民主主义革命和社会主义革命、进行社会主义建设和改革开放新的伟大革命的历史;就是不断推进马克思主义中国化、最终形成中国特色社会主义道路、理论、制度和文化的历史。这其中，有党艰辛探索的历史，有党自觉探寻新路的历史，也有党在探索中走向成熟、走向辉煌的历史。“欲知大道，必先知史”。学好党史、新中国史这两门必修课，会使我们更加科学地<a href=\"https://www.cddlwy.com/list-91-1.html\" target=\"_blank\" class=\"keylink\">总结</a>历史经验，正确地把握历史规律，清醒地认识中国国情，在深入把握中国特色社会主义的科学性和真理性的基础上坚定“四个自信”。</p>\r\n<p>　　党史新中国史是恪守为民情怀的“对标尺”。习近平总书记告诫全党“始终要把人民放在心中最高的位置，始终全心全意为人民服务，始终为人民利益和幸福而努力工作”。我们党98年的奋斗史、新中国70年的发展史，就是革命为民、立国救民、执政安民、发展富民、强国兴民的光辉历史。为了初心使命砥砺奋斗，我们党始终同人民想在一起、干在一起，从而得到人民群众的衷心拥护，使具有500年历史的社会主义主张在世界上人口最多的国家成功开辟出正确道路，使具有70年历史的新中国建设取得举世瞩目的伟大成就。只有不忘初心、牢记使命，与人民心连心，才能广泛得到人民的信任;只有把人民放在心中最高位置，永远与人民同呼吸、共命运，我们党才能永葆生机活力，中国特色社会主义道路才会越走越宽广。</p>\r\n<p>　　党史新中国史是担当历史重任的“动力源”。担当精神是中国共产党人从历史中继承的优秀品质。中国共产党一经成立，就义无反顾肩负起实现中华民族伟大复兴的历史使命，一代又一代共产党人为之接续奋斗。我们党98年的奋斗史、新中国70年的发展史，就是一部中国共产党人担当作为、不懈奋斗的光辉历史。为了实现自己的历史使命，中国共产党无论弱小还是强大，无论顺境还是逆境，都初心不改、矢志不渝，团结带领人民，破除千难万险，付出巨大牺牲，攻克了一个又一个看似不可攻克的难关，创造了一个又一个彪炳史册的人间奇迹，使近代以来久经磨难的中华民族迎来了从站起来、富起来到强起来的伟大飞跃。学习党史、新中国史，可以深刻认识一代人有一代人的担当的本质内涵，立足新征程新使命，接好时代的“接力棒”，走好当代人的长征路。</p>\r\n<p>　　追根溯源忆初心，读懂党的不懈奋斗史。学习党史、新中国史，就要认真学习我们党领导全党全国各族人民为实现民族独立、人民解放和国家富强、人民幸福而不懈奋斗的历史。了解党史、新中国史的重要事件、重要会议、重要文件、重要人物，了解我们党领导人民进行艰苦卓绝的斗争历程，了解中国近代以来170多年的斗争史、我们党98年的奋斗史、新中国70年的发展史，了解我们党的光荣传统、宝贵经验和伟大成就，在深入学习和不断领悟中，弄清楚我们从哪里来，往哪里去，弄清楚艰苦卓绝是什么、是怎么来的，在对历史的深入思考中做好现实工作、更好走向未来。</p>\r\n<p>　　常学常新悟初心，学深党的理论创新史。学习党史、新中国史，就要认真学习我们党坚持把马克思主义基本原理同中国具体实际相结合、不断探索适合中国国情的革命和建设道路，推进改革开放和社会主义现代化建设，推进马克思主义中国化、推进理论创新的历史。中国共产党是一个在理论上富有探索和创新精神的马克思主义政党，98年来，我们先后创立了毛泽东思想、邓小平理论、“三个代表”重要思想、科学发展观、习近平新时代中国特色社会主义思想，解决了中国革命、建设和改革的一系列重大问题。理论上的清醒才能有政治上的坚定。我们要用马克思主义中国化的最新理论成果武装头脑、指导实践、推动工作。</p>\r\n<p>　　千锤百炼明初心，悟透党的自身建设史。学习党史、新中国史，就要认真学习我们党加强和改进自身建设、保持和发展党的先进性，不断经受各种风险和挑战考验、发展壮大的历史。勇于自我革命，是我们党最鲜明的政治品格，也是我们党最大的政治优势。98年来，中国共产党在团结带领中国人民谱写波澜壮阔、气势恢宏的历史画卷中，始终坚守先锋队的政治本色和使命担当，不断自我净化、自我完善、自我革新、自我提高，以伟大自我革命推动伟大社会革命，向历史和人民交上了一份满意答卷。我们要从党的自身建设史中汲取智慧和力量，始终坚持以人民为中心的鲜明导向，坚持党要管党、全面从严治党，以改革创新精神全面推进党的建设新的伟大工程，提高拒腐防变和抵御风险能力，把党建设得更加坚强有力。</p>\r\n<p>　　一脉相承守初心，续写党的精神塑造史。伟大实践孕育伟大精神，中国共产党始终砥砺奋进，勇立时代潮头，先后塑造了红船精神、井冈山精神、长征精神、延安精神、抗战精神、西柏坡精神、“两弹一星”精神、航天精神等一系列伟大精神。这些精神深刻体现着党的先进性、革命性、创造性，是民族精神和时代精神的集中体现，是党的初心和使命的文化结晶，是我们党在前进道路上战胜各种困难和风险，不断夺取新胜利的强大精神力量和宝贵精神财富。在学习党史、新中国史中，我们要注重加深对这些伟大精神历史背景、深刻内涵、时代意义的学习领悟，在新的实践中继承和弘扬这些宝贵精神财富。</p>         \r\n                </div>', '3');
INSERT INTO `category_detail` VALUES ('3', '改革开放史', '<article class=\"article\" id=\"mp-editor\">\r\n<p>改革开放，是1978年12月十一届三中全会中国开始实行的 <span>对内改革、对外开放</span>的政策。中国的对内改革先从农村开始，1978年11月，安徽省凤阳县小岗村实行“分田到户，自负盈亏”的 <span>家庭联产承包责任制</span>，拉开了中国对内改革的大幕。在城市，国营企业的自主经营权得到了明显改善。 </p> \r\n<p><img width=\"100%\" src=\"http://p9.itc.cn/q_70/images03/20201116/f799282c06ee4d0ea02e7bb65240c3bc.jpeg\"></p> \r\n<p><img src=\"http://p4.itc.cn/q_70/images03/20201116/ad0cd9f876904738b3278e8d0b556e6a.png\"></p> \r\n<p><strong>贰</strong></p> \r\n<p><img width=\"100%\" src=\"http://p1.itc.cn/q_70/images03/20201116/e414505a738f4c22b87e696babf34c74.png\"></p> \r\n<p>1979年7月15日，中央正式批准广东、福建两省在对外经济活动中实行特殊政策、灵活措施，迈开了改革开放的历史性脚步， <span>对外开放</span>成为中国的一项基本国策、中国的强国之路，是社会主义事业发展的强大动力。 </p> \r\n<p><strong>叁</strong></p> \r\n<p>1992年南方谈话发布中国改革进入了新的阶段。改革开放使中国发生了巨大的变化。1992年10月召开的党的十四大宣布新时期最鲜明特点是改革开放，中国进入新的改革时期。2013年中国进入全面深化改革新时期。深化改革开放必须坚持社会主义方向。</p> \r\n<p><img width=\"100%\" src=\"//p6.itc.cn/q_70/images03/20201116/bf38dfe627f74990afd814362f505461.png\"></p> \r\n<p><img src=\"http://p1.itc.cn/q_70/images03/20201116/dcf97500502b4977847dc4f7e7eaeab5.png\"></p> \r\n<p><img width=\"100%\" src=\"http://p1.itc.cn/q_70/images03/20201116/1107d8cfa9f14dbb93fd5833d7a2814e.jpeg\"></p> \r\n<p><strong>肆</strong></p> \r\n<p><img width=\"100%\" src=\"http://p7.itc.cn/q_70/images03/20201116/34b581f8d6d14ef3ae7b56c21b903f18.png\"></p> \r\n<p>改革开放是中国共产党在社会主义初级阶段基本路线的两个基本点之一，是中共十一届三中全会以来进行社会主义现代化建设的总方针、总政策，是强国之路，是党和国家发展进步的活力源泉。</p> \r\n<p><img width=\"100%\" src=\"http://p9.itc.cn/q_70/images03/20201116/8969dc9c0ef149fe8bcd510839aa284b.jpeg\"></p> \r\n</article>', '4');
INSERT INTO `category_detail` VALUES ('4', '社会主义发展史', '<div class=\"_2OVtLCRVVVa5RwDyfhipoy \">\r\n			<div class=\"_1T4GB1ESohOqTGNmwCAcuf \">\r\n				<section data-role=\"paragraph\">\r\n					<p style=\"text-align: center\"><img class=\"rich_pages\" data-ratio=\"0.25\" data-s=\"300,640\"\r\n							data-src=\"http://pic.rmb.bdstatic.com/bjh/news/56b82863d0304b3138d1cdd9948207eb.jpeg\"\r\n							data-type=\"jpeg\" data-w=\"1080\" style=\"\"\r\n							src=\"http://pic.rmb.bdstatic.com/bjh/news/56b82863d0304b3138d1cdd9948207eb.jpeg\"></p>\r\n					<p style=\"text-align: center\"><img class=\"rich_pages\" data-ratio=\"0.5222222222222223\"\r\n							data-s=\"300,640\"\r\n							data-src=\"http://pic.rmb.bdstatic.com/bjh/news/9bb7cc582c670f067023bd4743e3eecd.jpeg\"\r\n							data-type=\"jpeg\" data-w=\"1080\" style=\"\"\r\n							src=\"http://pic.rmb.bdstatic.com/bjh/news/9bb7cc582c670f067023bd4743e3eecd.jpeg\"></p>\r\n					<p style=\"text-align: center\"><img class=\"rich_pages js_insertlocalimg\" data-ratio=\"0.475\"\r\n							data-s=\"300,640\"\r\n							data-src=\"http://pic.rmb.bdstatic.com/bjh/news/309bef23082587552ff7c4e5e9f81fd7.jpeg\"\r\n							data-type=\"jpeg\" data-w=\"1280\" style=\"\"\r\n							src=\"http://pic.rmb.bdstatic.com/bjh/news/309bef23082587552ff7c4e5e9f81fd7.jpeg\"></p>\r\n					<section\r\n						style=\"max-width: 100%;letter-spacing: 0.544px;white-space: normal;background-color: rgb(255, 255, 255);display: flex;justify-content: center;align-items: center;box-sizing: border-box !important;overflow-wrap: break-word !important\">\r\n						<section\r\n							style=\"margin-top: 8px;max-width: 100%;width: 50px;box-sizing: border-box !important;overflow-wrap: break-word !important\">\r\n							<img data-ratio=\"0.6136363636363636\" data-type=\"png\" data-w=\"88\"\r\n								data-src=\"http://pic.rmb.bdstatic.com/bjh/news/023af5a2c563efbe0029ac37697ba07b.png\"\r\n								style=\"display: block;box-sizing: border-box !important;overflow-wrap: break-word !important;width: 50px !important;visibility: visible !important\"\r\n								src=\"http://pic.rmb.bdstatic.com/bjh/news/023af5a2c563efbe0029ac37697ba07b.png\">\r\n						</section>\r\n						<section\r\n							style=\"margin-right: -5px;margin-left: -5px;padding: 6px 1em;max-width: 100%;border-width: 2px;border-style: solid;border-color: rgb(255, 207, 142);text-align: center;background: rgb(212, 10, 17);color: rgb(255, 255, 255);border-top-left-radius: 15px;border-top-right-radius: 15px;box-sizing: border-box !important;overflow-wrap: break-word !important\">\r\n							社会主义从哪里来</section>\r\n						<section\r\n							style=\"margin-top: 8px;max-width: 100%;width: 50px;box-sizing: border-box !important;overflow-wrap: break-word !important\">\r\n							<img data-ratio=\"0.6067415730337079\" data-type=\"png\" data-w=\"89\"\r\n								data-src=\"http://pic.rmb.bdstatic.com/bjh/news/5c42a374ab04fc0041246377f2116634.png\"\r\n								style=\"display: block;box-sizing: border-box !important;overflow-wrap: break-word !important;width: 50px !important;visibility: visible !important\"\r\n								src=\"http://pic.rmb.bdstatic.com/bjh/news/5c42a374ab04fc0041246377f2116634.png\">\r\n						</section>\r\n					</section>\r\n					<section\r\n						style=\"max-width: 100%;letter-spacing: 0.544px;white-space: normal;width: 677px;background: rgb(255, 247, 238);box-sizing: border-box !important;overflow-wrap: break-word !important\">\r\n						<section\r\n							style=\"padding: 1em;max-width: 100%;letter-spacing: 1.5px;line-height: 1.75em;color: rgb(212, 10, 17);box-sizing: border-box !important;overflow-wrap: break-word !important\">\r\n							<p\r\n								style=\"max-width: 100%;min-height: 1em;line-height: 2em;text-indent: 2em;box-sizing: border-box !important;overflow-wrap: break-word !important\">\r\n								<span\r\n									style=\"max-width: 100%;color: rgb(0, 0, 0);box-sizing: border-box !important;overflow-wrap: break-word !important\">2013年1月，习近平总书记在新进中央委员会的委员、候补委员学习贯彻党的十八大精神研讨班上的讲话中，分六个时间段对社会主义五百年的历史进行了系统回顾和梳理，展现了中国特色社会主义的历史渊源和发展进程，为我们更加充分地认识中国特色社会主义的历史必然性和科学真理性提供了更加广阔、更加深邃的视野。</span>\r\n							</p>\r\n							<p\r\n								style=\"max-width: 100%;min-height: 1em;box-sizing: border-box !important;overflow-wrap: break-word !important\">\r\n								<br\r\n									style=\"max-width: 100%;box-sizing: border-box !important;overflow-wrap: break-word !important\">\r\n							</p>\r\n							<p\r\n								style=\"max-width: 100%;min-height: 1em;text-align: center;line-height: 2em;text-indent: 0em;box-sizing: border-box !important;overflow-wrap: break-word !important\">\r\n								<strong\r\n									style=\"max-width: 100%;box-sizing: border-box !important;overflow-wrap: break-word !important\"><span\r\n										style=\"max-width: 100%;color: rgb(0, 0, 0);box-sizing: border-box !important;overflow-wrap: break-word !important\">为什么提社会主义五百年</span></strong>\r\n							</p>\r\n							<p\r\n								style=\"max-width: 100%;min-height: 1em;box-sizing: border-box !important;overflow-wrap: break-word !important\">\r\n								<br\r\n									style=\"max-width: 100%;box-sizing: border-box !important;overflow-wrap: break-word !important\">\r\n							</p>\r\n							<p\r\n								style=\"max-width: 100%;min-height: 1em;line-height: 2em;text-indent: 2em;box-sizing: border-box !important;overflow-wrap: break-word !important\">\r\n								<span\r\n									style=\"max-width: 100%;color: rgb(0, 0, 0);box-sizing: border-box !important;overflow-wrap: break-word !important\">社会主义这个概念提出来还不到两百年，而人类产生没有剥削、没有压迫的美好社会理想已经有两千多年的历史了。那为什么我们讲社会主义五百年？这是根据社会主义这个概念的实质含义来界定的。</span>\r\n							</p>\r\n							<p\r\n								style=\"max-width: 100%;min-height: 1em;line-height: 2em;text-indent: 2em;box-sizing: border-box !important;overflow-wrap: break-word !important\">\r\n								<span\r\n									style=\"max-width: 100%;color: rgb(0, 0, 0);box-sizing: border-box !important;overflow-wrap: break-word !important\">社会主义是相对资本主义而言的一个概念。个人本位、个人主义是资本主义的出发点和立足点，与之相对应的就是社会本位、社会主义。社会主义是比资本主义更高级的社会形态，因此人们容易认为资本主义灭亡了社会主义才会出现，起码要比资本主义晚很多。其实不然。社会主义和资本主义都是世界历史的产物，相伴而生。马克思、恩格斯说，各民族的原始封闭状态由于日益完善的生产方式、交往以及因交往而自然形成的不同民族之间的分工消灭得越是彻底，历史也就越是成为世界历史。从民族历史走向世界历史的转折点是15、16世纪之交的大航海。14世纪资本主义开始萌芽，但资本主义真正破土而出是在大航海时代，一般界定为1492年哥伦布发现美洲，从那以后资本主义开始蓬勃发展起来。</span>\r\n							</p>\r\n							<p\r\n								style=\"max-width: 100%;min-height: 1em;line-height: 2em;text-indent: 2em;box-sizing: border-box !important;overflow-wrap: break-word !important\">\r\n								<span\r\n									style=\"max-width: 100%;color: rgb(0, 0, 0);box-sizing: border-box !important;overflow-wrap: break-word !important\">马克思说，资本来到世间，从头到脚，每个毛孔都滴着血和肮脏的东西。也就是说资本主义从一开始就有弊端，相应的批判和试图推翻资本主义的社会主义就应运而生了。因此社会主义的历史大致也是500年，一般我们从1516年算起。所以说，社会主义五百年这个概念是科学的。当然，在资本主义作为统治性的生产方式、社会制度存在时，社会主义一开始只能作为思潮和运动存在。</span>\r\n							</p>\r\n							<p\r\n								style=\"max-width: 100%;min-height: 1em;box-sizing: border-box !important;overflow-wrap: break-word !important\">\r\n								<br\r\n									style=\"max-width: 100%;box-sizing: border-box !important;overflow-wrap: break-word !important\">\r\n							</p>\r\n							<p\r\n								style=\"max-width: 100%;min-height: 1em;text-align: center;line-height: 2em;text-indent: 0em;box-sizing: border-box !important;overflow-wrap: break-word !important\">\r\n								<span\r\n									style=\"max-width: 100%;color: rgb(0, 0, 0);box-sizing: border-box !important;overflow-wrap: break-word !important\"><strong\r\n										style=\"max-width: 100%;box-sizing: border-box !important;overflow-wrap: break-word !important\">社会主义发展史的六个时间段</strong></span>\r\n							</p>\r\n							<p\r\n								style=\"max-width: 100%;min-height: 1em;box-sizing: border-box !important;overflow-wrap: break-word !important\">\r\n								<br\r\n									style=\"max-width: 100%;box-sizing: border-box !important;overflow-wrap: break-word !important\">\r\n							</p>\r\n							<p\r\n								style=\"max-width: 100%;min-height: 1em;line-height: 2em;text-indent: 2em;box-sizing: border-box !important;overflow-wrap: break-word !important\">\r\n								<span\r\n									style=\"max-width: 100%;color: rgb(0, 0, 0);box-sizing: border-box !important;overflow-wrap: break-word !important\">第一个时间段，空想社会主义产生和发展。空想社会主义从1516年托马斯·莫尔发表《乌托邦》到1848年马克思恩格斯发表《共产党宣言》之前，这段时间有330多年，在整个社会主义五百年中占三分之二。这300多年，在生产力上，是手工业向机器大工业发展的时期；在社会制度上，是西欧封建制度向资本主义制度过渡时期；在资本主义发展史上，是资本主义原始积累时期；在社会主义发展史上，是空想社会主义时期。空想社会主义讲公有制、计划经济、按劳分配，听起来很像科学社会主义，那为什么还说他们是空想社会主义呢？著名历史学家斯塔夫里阿诺斯，有一个非常公允的说法，他说：“所有这些空想社会主义者都……把注意力集中在他们所设计的模范社会的原则和明确的活动方式上。但是，这些模范社会如何取代现存社会的问题，他们从未认真地考虑过。他们对于从富裕的或有权势的资助人那里得到帮助这一点抱有模糊的希望。”</span>\r\n							</p>\r\n							<p\r\n								style=\"max-width: 100%;min-height: 1em;line-height: 2em;text-indent: 2em;box-sizing: border-box !important;overflow-wrap: break-word !important\">\r\n								<span\r\n									style=\"max-width: 100%;color: rgb(0, 0, 0);box-sizing: border-box !important;overflow-wrap: break-word !important\">第二个时间段，马克思恩格斯创立科学社会主义理论体系。恩格斯指出，为了使社会主义变为科学，就必须首先把它置于现实的基础之上。所谓现实，从生产力的角度来讲，机器大工业逐渐成为主流，生产越来越成为真正的社会化大生产。随着生产力的高速发展，工人阶级队伍迅速扩大，工人运动也迅速发展起来。19世纪三四十年代爆发了欧洲三大工人运动，代表着欧洲工人阶级登上了政治舞台。马克思恩格斯纵览时代风云，吸收时代精华，开创了科学社会主义。1845年马克思恩格斯写出了《德意志意识形态》，第一次提出了历史唯物主义，阐释了人类社会发展的一般规律。1848年，马克思恩格斯发表《共产党宣言》，科学社会主义正式诞生。1867年，马克思出版了《资本论》第一卷，系统地阐释了剩余价值学说。1880年，恩格斯发表了《社会主义从空想到科学的发展》，系统阐述了科学社会主义理论体系。马克思恩格斯创立科学社会主义理论体系，实现了社会主义从空想到科学的飞跃。</span>\r\n							</p>\r\n							<p\r\n								style=\"max-width: 100%;min-height: 1em;line-height: 2em;text-indent: 2em;box-sizing: border-box !important;overflow-wrap: break-word !important\">\r\n								<span\r\n									style=\"max-width: 100%;color: rgb(0, 0, 0);box-sizing: border-box !important;overflow-wrap: break-word !important\">第三个时间段，列宁领导十月革命胜利并实践社会主义。19世纪最后30年，第二次工业革命蓬勃兴起，世界从“蒸汽时代”进入“电气时代”。与此相适应，资本主义由自由竞争向垄断转变，资本主义的发展进入到以垄断为特征的帝国主义时代。作为帝国主义薄弱环节的俄国成为社会主义革命的温床。1917年首先爆发二月革命，推翻沙皇统治，但软弱无力的资产阶级无法解决日益激化的国内各种经济、社会、政治矛盾，列宁毫不迟疑地领导了十月革命。十月革命的直接成果就是建立了俄罗斯苏维埃联邦社会主义共和国和苏维埃社会主义共和国联盟，这是世界上第一个社会主义国家。列宁领导的十月革命取得胜利，社会主义从理论变为现实，打破了资本主义一统天下的世界格局。十月革命之后列宁领导布尔什维克先后实行了“战时共产主义”和新经济政策，探索社会主义建设道路。</span>\r\n							</p>\r\n							<p\r\n								style=\"max-width: 100%;min-height: 1em;line-height: 2em;text-indent: 2em;box-sizing: border-box !important;overflow-wrap: break-word !important\">\r\n								<span\r\n									style=\"max-width: 100%;color: rgb(0, 0, 0);box-sizing: border-box !important;overflow-wrap: break-word !important\">第四个时间段，苏联模式逐步形成。斯大林在列宁逝世之后，逐步放弃了新经济政策，建立了以单一的生产资料公有制、自上而下的指令性计划经济和权力高度集中的政治体制“三位一体”的苏联模式，以及重工业优先的发展战略。苏联模式逐步形成，不完全是斯大林个人意志的产物，更多是苏联国情、历史传统和时代特征的产物。苏联模式的短期成功导致大多数人忽略了其暴露的和潜在的问题，反而将其神圣化为社会主义的普遍原则和基本制度。苏联在赫鲁晓夫时期以及勃列日涅夫早期的改革都没能真正触及苏联模式的核心。苏联解体证明这种模式的根本问题是逐渐背弃了十月革命道路的初心——为生产力发展开辟道路，为最广大人民群众谋幸福。</span>\r\n							</p>\r\n							<p\r\n								style=\"max-width: 100%;min-height: 1em;line-height: 2em;text-indent: 2em;box-sizing: border-box !important;overflow-wrap: break-word !important\">\r\n								<span\r\n									style=\"max-width: 100%;color: rgb(0, 0, 0);box-sizing: border-box !important;overflow-wrap: break-word !important\">第五个时间段，新中国成立后我们党对社会主义的探索和实践。十月革命一声炮响，给中国送来了马克思列宁主义，社会主义在中国用了30多年时间从思潮、运动发展到制度，为社会主义实现从一国到多国的发展作出了突出贡献。新中国成立后，如何建设社会主义是一个崭新课题。刚开始，我们只能学习苏联经验，但在实践中很快就察觉到苏联模式的局限，提出要以苏为鉴，独立探索适合中国国情的社会主义建设道路。以毛泽东发表的《论十大关系》《关于正确处理人民内部矛盾的问题》为主要标志，我们党对怎样建设社会主义有了自己新的重要认识。在后来的实践中，尽管探索艰辛坎坷，但我们党取得的积极成果是极其宝贵的，为新的历史时期开创中国特色社会主义提供了宝贵经验、理论准备、物质基础。</span>\r\n							</p>\r\n							<p\r\n								style=\"max-width: 100%;min-height: 1em;line-height: 2em;text-indent: 2em;box-sizing: border-box !important;overflow-wrap: break-word !important\">\r\n								<span\r\n									style=\"max-width: 100%;color: rgb(0, 0, 0);box-sizing: border-box !important;overflow-wrap: break-word !important\">第六个时间段，我们党作出进行改革开放的历史性决策、开创和发展中国特色社会主义。第三次科技和产业革命是向新一轮科技和产业革命迈进的时代，是和平与发展成为主题的时代，是两种社会制度长期并存、合作和斗争的时代，给社会主义提出了全新的问题。制度优势是一个国家的最大优势，制度竞争是国家间最根本的竞争。社会主义要发展，必须证明自己能够比资本主义更快发展生产力，更有效提升综合国力，更好满足人民需要。中国特色社会主义通过一系列重大理论创新，系统回答了时代之问。社会主义本质理论、社会主义初级阶段理论、社会主义改革开放理论，革命性地改变和深化了关于什么是社会主义、怎样建设社会主义的认识，实现了在社会主义最根本问题上的思想解放。公有制为主体多种所有制经济共同发展理论、按劳分配为主体多种分配方式并存理论、社会主义市场经济理论是三位一体的，是对科学社会主义规范理论的革命性发展，为真正超越苏联模式、跟上时代步伐提供了基本理论支撑。社会主义政治发展道路理论、社会主义核心价值观、社会主义和谐社会理论、社会主义生态文明理论、人类命运共同体理论等，都是吸收了人类文明成果的重大创新，开辟了科学社会主义的新领域。党的领导和党的建设理论，进一步厘清了共产党和社会主义的关系，进一步深化了对执政党建设规律的认识。中国特色社会主义理论，开拓马克思主义新境界，把对社会主义的认识提高到新的科学水平。改革开放以来，中国创造了人类历史最大规模、最快速度的现代化建设奇迹，初步用实践证明了社会主义的优越性。</span>\r\n							</p>\r\n							<p\r\n								style=\"max-width: 100%;min-height: 1em;box-sizing: border-box !important;overflow-wrap: break-word !important\">\r\n								<br\r\n									style=\"max-width: 100%;box-sizing: border-box !important;overflow-wrap: break-word !important\">\r\n							</p>\r\n							<p\r\n								style=\"max-width: 100%;min-height: 1em;text-align: center;line-height: 2em;text-indent: 0em;box-sizing: border-box !important;overflow-wrap: break-word !important\">\r\n								<strong\r\n									style=\"max-width: 100%;box-sizing: border-box !important;overflow-wrap: break-word !important\"><span\r\n										style=\"max-width: 100%;color: rgb(0, 0, 0);box-sizing: border-box !important;overflow-wrap: break-word !important\">社会主义发展史的其他脉络</span></strong>\r\n							</p>\r\n							<p\r\n								style=\"max-width: 100%;min-height: 1em;box-sizing: border-box !important;overflow-wrap: break-word !important\">\r\n								<br\r\n									style=\"max-width: 100%;box-sizing: border-box !important;overflow-wrap: break-word !important\">\r\n							</p>\r\n							<p\r\n								style=\"max-width: 100%;min-height: 1em;line-height: 2em;text-indent: 2em;box-sizing: border-box !important;overflow-wrap: break-word !important\">\r\n								<span\r\n									style=\"max-width: 100%;color: rgb(0, 0, 0);box-sizing: border-box !important;overflow-wrap: break-word !important\">六个时间段是一条从中国特色社会主义的历史源流来看世界社会主义发展史的线索，是一条主线，但并不是世界社会主义发展史的全部。</span>\r\n							</p>\r\n							<p\r\n								style=\"max-width: 100%;min-height: 1em;line-height: 2em;text-indent: 2em;box-sizing: border-box !important;overflow-wrap: break-word !important\">\r\n								<span\r\n									style=\"max-width: 100%;color: rgb(0, 0, 0);box-sizing: border-box !important;overflow-wrap: break-word !important\">比如说，与新中国和中国特色社会主义相并列的，还有其他共产党执政的社会主义国家的建立、建设、改革和探索。还有发展中国家形形色色的“社会主义”，学术界一般称之为民族社会主义。</span>\r\n							</p>\r\n							<p\r\n								style=\"max-width: 100%;min-height: 1em;line-height: 2em;text-indent: 2em;box-sizing: border-box !important;overflow-wrap: break-word !important\">\r\n								<span\r\n									style=\"max-width: 100%;color: rgb(0, 0, 0);box-sizing: border-box !important;overflow-wrap: break-word !important\">再往前看，第一次世界大战之后，民主社会主义在西方发达国家，特别是在欧洲较快发展。民主社会主义既不是空想社会主义，也不是科学社会主义。他们和空想社会主义的区别是，他们一定程度上变成了现实。他们与科学社会主义的区别是，他们放弃了科学社会主义的目标和很多原则，他们的一个核心思想就是伯恩斯坦讲的，目标微不足道，运动就是一切。所以说他们总体上属于具有社会主义因素的改良资本主义。</span>\r\n							</p>\r\n							<p\r\n								style=\"max-width: 100%;min-height: 1em;line-height: 2em;text-indent: 2em;box-sizing: border-box !important;overflow-wrap: break-word !important\">\r\n								<span\r\n									style=\"max-width: 100%;color: rgb(0, 0, 0);box-sizing: border-box !important;overflow-wrap: break-word !important\">还有，在科学社会主义创立之后，空想社会主义并没有消失，还长期存在。马克思恩格斯进行过长期理论斗争的一些社会主义流派也是空想社会主义，近代中国也出现过三次空想社会主义思潮。空想社会主义在21世纪还会存在，不仅以思想流派的形式存在，还会以各种实践形式存在。那些失败的社会主义实践，究其根源，多多少少都有一些空想社会主义的影子。需要说明的是，科学社会主义创立之前，空想社会主义是有积极和进步意义的，科学社会主义创立之后，空想社会主义越来越成为消极因素。马克思说过，“虽然我们不应该否定这些社会主义的鼻祖，正如现代化学家不能否定他们的祖先炼金术士一样，但是我们应该努力避免重犯他们的错误，因为我们犯这样的错误将是不可饶恕的。”1848年之后的空想社会主义就是现代的炼金术士。</span>\r\n							</p>\r\n							<p\r\n								style=\"max-width: 100%;min-height: 1em;line-height: 2em;text-indent: 2em;box-sizing: border-box !important;overflow-wrap: break-word !important\">\r\n								<span\r\n									style=\"max-width: 100%;color: rgb(0, 0, 0);box-sizing: border-box !important;overflow-wrap: break-word !important\">总体而言，21世纪世界社会主义的主流是科学社会主义，科学社会主义的主力是中国特色社会主义。</span><span\r\n									style=\"background-color: rgb(255, 255, 255);color: rgb(0, 0, 0);letter-spacing: 0.544px;text-align: right;text-indent: 0em\"></span>\r\n							</p>\r\n						</section>\r\n					</section>\r\n					<p style=\"text-align: center\"><br></p>\r\n					<p style=\"text-align: center\"><img class=\"rich_pages\" data-ratio=\"0.3125\" data-s=\"300,640\"\r\n							data-src=\"http://pic.rmb.bdstatic.com/bjh/news/102ca05d3845bb270c6e4f7f84feae48.gif\"\r\n							data-type=\"gif\" data-w=\"640\" style=\"\"\r\n							src=\"http://pic.rmb.bdstatic.com/bjh/news/102ca05d3845bb270c6e4f7f84feae48.gif\"></p>\r\n					</section>\r\n			\r\n			</div>\r\n		</div>', '5');

-- ----------------------------
-- Table structure for `learn_detail`
-- ----------------------------
DROP TABLE IF EXISTS `learn_detail`;
CREATE TABLE `learn_detail` (
  `learn_detail_id` int(11) NOT NULL AUTO_INCREMENT,
  `title` varchar(255) DEFAULT NULL,
  `channel_name` varchar(255) DEFAULT NULL,
  `link` varchar(255) DEFAULT NULL,
  `thumbnail` varchar(255) DEFAULT NULL,
  `date` varchar(255) DEFAULT NULL,
  `learn_id` int(11) DEFAULT NULL,
  PRIMARY KEY (`learn_detail_id`),
  KEY `learn_id` (`learn_id`),
  CONSTRAINT `learn_detail_ibfk_1` FOREIGN KEY (`learn_id`) REFERENCES `tab_learn` (`learn_id`) ON DELETE CASCADE ON UPDATE CASCADE
) ENGINE=InnoDB AUTO_INCREMENT=42 DEFAULT CHARSET=utf8;

-- ----------------------------
-- Records of learn_detail
-- ----------------------------
INSERT INTO `learn_detail` VALUES ('9', '送别，大国军医！', '红色故事', 'https://mp.weixin.qq.com/s/WOJ7tmORAdUIpLovz0t_FQ', 'https://stwfile.dahe.cn/2021/11/9/1457878510365835264.jpg', '2021-11-09', '2');
INSERT INTO `learn_detail` VALUES ('10', '每人8000000元奖金！这才是我们该追的星！', '红色故事', 'https://mp.weixin.qq.com/s/mbi_3TR3HgP0Q9o42mwQjg', 'https://stwfile.dahe.cn/2021/11/5/1456488405197406208.jpg', '2021-11-05', '2');
INSERT INTO `learn_detail` VALUES ('11', '72岁女儿第一次“见”到在长津湖牺牲的父亲容貌', '红色故事', 'https://mp.weixin.qq.com/s/3d91C4zbGuUR7_mS64cElg', 'https://stwfile.dahe.cn/2021/11/3/1455698806644420608.jpg', '2021-11-03', '2');
INSERT INTO `learn_detail` VALUES ('12', '“他抵得上5个师的兵力！”美国曾软禁他长达5年……', '红色故事', 'https://mp.weixin.qq.com/s/WdfuxUrF6Xae4k1Uy45Nyg', 'https://stwfile.dahe.cn/2021/10/31/1454699155506606080.jpeg', '2021-10-31', '2');
INSERT INTO `learn_detail` VALUES ('13', '红军长征过草地的路上，为什么插了很多树枝？', '红色故事', 'https://mp.weixin.qq.com/s/CL0na1jgHgJpy2ckD3el4w', 'https://stwfile.dahe.cn/2021/10/22/1451358797015560192.jpeg', '2021-10-22', '2');
INSERT INTO `learn_detail` VALUES ('14', '他，永远21岁！', '红色故事', 'https://mp.weixin.qq.com/s/_rJ7B_rn-FoQGtN3_BjzZA', 'https://stwfile.dahe.cn/2021/10/20/1450666179227287552.png', '2021-10-20', '2');
INSERT INTO `learn_detail` VALUES ('15', '这块巴掌大小的布料，让人红了眼眶……', '红色故事', 'https://mp.weixin.qq.com/s/NJQ-Km5_cqixsXrBt3TI9Q', 'https://stwfile.dahe.cn/2021/10/12/1447780994307473408.jpeg', '2021-10-12', '2');
INSERT INTO `learn_detail` VALUES ('16', '河南八旬老人手织数万围巾，收货地全是边关……', '红色故事', 'https://mp.weixin.qq.com/s/yH5TcyR8-W5I8YtBhxNqrQ', 'https://stwfile.dahe.cn/2021/10/11/1447397485252587520.jpg', '2021-10-10', '2');
INSERT INTO `learn_detail` VALUES ('17', '生死关头，他命令战友撤退，独自拉响炸药包……', '红色故事', 'https://mp.weixin.qq.com/s/S16dbiak3n6ZeIikkr3gJg', 'https://stwfile.dahe.cn/2021/10/8/1446280873401270272.jpg', '2021-10-08', '2');
INSERT INTO `learn_detail` VALUES ('18', '棉衣，棉衣！长津湖之战志愿军为什么没有？', '红色故事', 'https://mp.weixin.qq.com/s/RtK-XQ5qNAbDWbapoFf2Sg', 'https://stwfile.dahe.cn/2021/10/8/1446280476318109696.jpg', '2021-10-07', '2');
INSERT INTO `learn_detail` VALUES ('19', '开启现代化河南建设新征程｜十一月份示范团课（高校版）', '示范团课', 'https://mp.weixin.qq.com/s/9jQysDFC5IC2JYLVJIIV3g', 'https://stwfile.dahe.cn/2021/11/8/1457517315322298368.png', '2021-11-08', '3');
INSERT INTO `learn_detail` VALUES ('20', '在大战大考中：读懂人民立场 夯实自信之基 磨砺青春担当 | 专题示范团课', '示范团课', 'https://mp.weixin.qq.com/s/u6YZd6SDe4YVvfjW8FW1oQ', 'https://stwfile.dahe.cn/2021/9/10/1436145032032825344.png', '2021-09-10', '3');
INSERT INTO `learn_detail` VALUES ('21', '学党史 强信念 跟党走 | 探寻豫西抗日初心 赓续百年红色基因（纪念抗战胜利76周年专题示范团课）', '示范团课', 'https://mp.weixin.qq.com/s/m2HzvCf41wQ7RUaOlwULWA', 'https://stwfile.dahe.cn/2021/9/3/1433615232324079616.png', '2021-09-03', '3');
INSERT INTO `learn_detail` VALUES ('22', '学党史 强信念 跟党走 | 惊天动地 ：创新发展实现强国大业（百年风华专题示范团课四）', '示范团课', 'https://mp.weixin.qq.com/s/HozeknFx9cL5q6QKRTA8hw', 'https://stwfile.dahe.cn/2021/8/23/1429665312349097984.jpg', '2021-08-23', '3');
INSERT INTO `learn_detail` VALUES ('23', '学党史 强信念 跟党走 | 翻天覆地：改革开放的滚滚春雷推进富国大业（百年风华专题示范团课三）', '示范团课', 'https://mp.weixin.qq.com/s?__biz=MzA5NjM3NzgzMQ==&mid=2650177064&idx=1&sn=8dd6d94cc4a3dc3bb07c234802c65a9f&chksm=88b3d0a0bfc459b633600c121e292d1f17f1ecb6076dec2c3ebf7681a3b0985a633c605ad346&token=664857787&lang=zh_CN#rd', 'https://stwfile.dahe.cn/2021/7/12/1414383054948405248.png', '2021-07-12', '3');
INSERT INTO `learn_detail` VALUES ('24', '学党史 强信念 跟党走 | 改天换地：艰难探索完成兴国大业（百年风华专题示范团课二）', '示范团课', 'https://mp.weixin.qq.com/s/gCVIU8IHmSlBXWUTeSjKtg', 'https://stwfile.dahe.cn/2021/6/28/1409443158769020928.png', '2021-06-28', '3');
INSERT INTO `learn_detail` VALUES ('25', '学党史 强信念 跟党走 | 开天辟地：中国共产党浴血奋斗完成救国大业（百年风华专题示范团课一）', '示范团课', 'https://mp.weixin.qq.com/s/HpyZT9vzbusIaChmcdQHVg', 'https://stwfile.dahe.cn/2021/6/18/1405688879256182784.png', '2021-06-18', '3');
INSERT INTO `learn_detail` VALUES ('26', '弘扬五四精神，献礼建党百年｜五月份示范团课（高校版）', '示范团课', 'https://mp.weixin.qq.com/s/Yp30Y1DzCzWnRLjP2p0pDw', 'https://stwfile.dahe.cn/2021/5/3/1389071721352802304.jpg', '2021-05-03', '3');
INSERT INTO `learn_detail` VALUES ('27', '走进觉醒年代 绽放青春光彩 | 五月份示范团课（中学版）', '示范团课', 'https://mp.weixin.qq.com/s/afYqpeseEoAyLJQNAmkBqw', 'https://stwfile.dahe.cn/2021/5/3/1389025999467053056.png', '2021-05-02', '3');
INSERT INTO `learn_detail` VALUES ('28', '解析百年大党“脱贫攻坚战”的制胜通关密码｜专题示范团课', '示范团课', 'https://mp.weixin.qq.com/s/TcO44kP8QiXnc3_YgSEWdg', 'https://stwfile.dahe.cn/2021/4/6/1379233580685205504.png', '2021-04-06', '3');
INSERT INTO `learn_detail` VALUES ('29', '习近平：坚持用马克思主义及其中国化创新理论武装全党', '学习路上', 'https://mp.weixin.qq.com/s/dh3pIO8297IBCgyJxxEacA', 'https://stwfile.dahe.cn/2021/11/18/1461261054259630080.jpeg', '2021-11-18', '4');
INSERT INTO `learn_detail` VALUES ('30', '习近平：关于《中共中央关于党的百年奋斗重大成就和历史经验的决议》的说明', '学习路上', 'https://mp.weixin.qq.com/s/7GL65ZU58M-Hpqp7GLYSEg', 'https://stwfile.dahe.cn/2021/11/16/1460563587549376512.jpeg', '2021-11-16', '4');
INSERT INTO `learn_detail` VALUES ('31', '习近平：坚定理想信念 补足精神之钙', '学习路上', 'https://mp.weixin.qq.com/s/GMhORD8ef-1aQU2MJUP_wA', 'https://stwfile.dahe.cn/2021/11/1/1455148796207181824.jpeg', '2021-11-01', '4');
INSERT INTO `learn_detail` VALUES ('32', '习近平致信祝贺！', '学习路上', 'https://mp.weixin.qq.com/s/yt4iL0AiCsobNtRFoFcVfw', 'https://stwfile.dahe.cn/2021/10/18/1449981540003356672.jpg', '2021-10-17', '4');
INSERT INTO `learn_detail` VALUES ('33', '习近平：支持青年人才挑大梁当主角', '学习路上', 'https://mp.weixin.qq.com/s/d4eYjNSIid4MOt-Glrg58Q', 'https://stwfile.dahe.cn/2021/9/29/1443015296150405120.jpg', '2021-09-29', '4');
INSERT INTO `learn_detail` VALUES ('34', '《求是》杂志发表习近平总书记重要文章《毫不动摇坚持和加强党的全面领导》', '学习路上', 'https://mp.weixin.qq.com/s/wHZExaH9Bo7eCAu5mbBORA', 'https://stwfile.dahe.cn/2021/9/16/1438308867292540928.jpg', '2021-09-16', '4');
INSERT INTO `learn_detail` VALUES ('35', '习近平勉励中学生：全面发展，成为国之栋梁', '学习路上', 'https://mp.weixin.qq.com/s/L7ZlxpxI6YiPUWggz1K30A', 'https://stwfile.dahe.cn/2021/9/15/1437981196817809408.png', '2021-09-15', '4');
INSERT INTO `learn_detail` VALUES ('36', '习近平向全国广大教师致以节日的祝贺和诚挚的祝福', '学习路上', 'https://mp.weixin.qq.com/s/yGK6KvTxysHroxC6qieRVg', 'https://stwfile.dahe.cn/2021/9/9/1435871829091950592.jpg', '2021-09-09', '4');
INSERT INTO `learn_detail` VALUES ('37', '习近平：信念坚定对党忠诚实事求是担当作为 努力成为可堪大用能担重任的栋梁之才', '学习路上', 'https://mp.weixin.qq.com/s/aw-ApS0Tr2v7Kej2tTfP-w', 'https://stwfile.dahe.cn/2021/9/2/1433240615789142016.jpg', '2021-09-01', '4');
INSERT INTO `learn_detail` VALUES ('38', '习近平总书记“上坝”！坝上的那片林海里深藏着一代人最美的青春', '学习路上', 'https://mp.weixin.qq.com/s/UZ0EGxi9oKBFofnLhVLvGw', 'https://stwfile.dahe.cn/2021/8/27/1431093420511858688.png', '2021-08-27', '4');
INSERT INTO `learn_detail` VALUES ('39', '看！苗苗“花样”来学习！', '苗苗“会”学习', 'https://mp.weixin.qq.com/s/jtawhD0FsUbtZf19b8x53w', 'https://stwfile.dahe.cn/2021/11/20/1461919347898851328.png', '2021-11-20', '5');
INSERT INTO `learn_detail` VALUES ('40', '【苗苗“会”学习①】探寻河南“最强大脑”！', '苗苗“会”学习', 'https://mp.weixin.qq.com/s/kYqESm6R1jukp1QKNyXYSw', 'https://stwfile.dahe.cn/2021/11/18/1461009505898209280.png', '2021-11-18', '5');
INSERT INTO `learn_detail` VALUES ('41', '苗苗“会”学习！“潮”你而来！', '苗苗“会”学习', 'https://mp.weixin.qq.com/s/KCqhWKpQgDOo6MviE6eN0A', 'https://stwfile.dahe.cn/2021/11/17/1460794740067799040.png', '2021-11-17', '5');

-- ----------------------------
-- Table structure for `tab_book`
-- ----------------------------
DROP TABLE IF EXISTS `tab_book`;
CREATE TABLE `tab_book` (
  `book_id` int(11) NOT NULL AUTO_INCREMENT,
  `name` varchar(255) DEFAULT NULL,
  `brief` text,
  `catalogue` text,
  `appreciate` text,
  `photo` varchar(255) DEFAULT NULL,
  PRIMARY KEY (`book_id`)
) ENGINE=InnoDB AUTO_INCREMENT=117 DEFAULT CHARSET=utf8;

-- ----------------------------
-- Records of tab_book
-- ----------------------------
INSERT INTO `tab_book` VALUES ('1', '中国共产党简史', '该书坚持辩证唯物主义和历史唯物主义立场观点方法，坚持解放思想、实事求是，严格遵守两个“历史决议”和习近平总书记关于党史的重要论述，忠实记录了一百年来中国共产党团结带领人民进行革命、建设、改革的光辉历程，充分反映了中国共产党为实现国家富强、民族振兴、人民幸福和人类文明进步事业作出的历史功绩，系统总结了党和国家事业不断从胜利走向胜利的宝贵经验，集中彰显了党在各个历史时期淬炼锻造的伟大精神。', '<div class=\"title\">第一章 中国共产党的创建和投身大革命的洪流</div>\r\n				<div>一、近代中国民族复兴的历史任务和各种力量的艰难探索</div>\r\n				<div>二、五四运动和马克思主义在中国的传播</div>\r\n				<div>三、中国共产党的成立和民主革命纲领的制定</div>\r\n				<div>四、第一次国共合作和大革命高潮的兴起</div>\r\n				<div>五、北伐战争和工农运动</div>\r\n				<div>六、国共合作的破裂和大革命的失败</div>\r\n				<div class=\"title\">第二章 掀起土地革命的风暴</div>\r\n				<div>一、以武装斗争反抗国民党的反动统治</div>\r\n				<div>二、和中国革命新道路的开辟</div>\r\n				<div>三、红军反“围剿”斗争的胜利和农村革命根据地的建设</div>\r\n				<div>四、九一八事变后的局势和中央红军长征的开始</div>\r\n				<div>五、遵义会议和红军长征的胜利</div>\r\n				<div>六、为建立抗日民族统一战线而斗争</div>\r\n				<div class=\"title\">第三章 全民族抗日战争的中流砥柱</div>\r\n				<div>一、党的全面抗战路线和持久抗战方针的制定</div>\r\n				<div>二、开展敌后抗日游击战争和坚持统一战线中的独立自主</div>\r\n				<div>三、坚持抗战、团结、进步的方针</div>\r\n				<div>四、巩固抗日根据地和推进抗日民主运动</div>\r\n				<div class=\"title\">第四章 夺取新民主主义革命的全国性胜利</div>\r\n				<div>五、加强党的建设、推进马克思主义中国化和开展整风运动</div>\r\n				<div>六、党的七大和确立思想为党的指导思想、抗日战争的最后胜利</div>\r\n				<div>一、重庆谈判和争取和平民主的斗争</div>\r\n				<div>二、粉碎国民党的军事进攻和第二条战线的形成</div>\r\n				<div>三、人民解放军转入战略进攻</div>\r\n				<div>四、夺取全国胜利纲领的制定实施和人民民主统一战线的巩固扩大</div>\r\n				<div>五、伟大的战略决战和国民党反动统治的覆灭</div>\r\n				<div>六、党的七届二中全会和筹建新中国</div>\r\n				<div class=\"title\">第五章 中华人民共和国的成立和社会主义制度的建立</div>\r\n				<div>一、中华人民共和国的成立和新生人民政权的巩固</div>\r\n				<div>二、抗美援朝战争、土地制度改革和其他民主改革</div>\r\n				<div>三、国民经济的恢复和各项建设的展开</div>\r\n				<div>四、党在过渡时期的总路线和有计划大规模经济建设的开始</div>\r\n				<div class=\"title\">第六章 社会主义建设的探索和曲折发展</div>\r\n				<div>一、党的八大和中国社会主义建设的良好开端</div>\r\n				<div>二、社会主义道路的艰辛探索</div>\r\n				<div>三、社会主义建设在曲折中发展</div>\r\n				<div>五、社会主义改造的基本完成和社会主义制度的建立</div>\r\n				<div class=\"title\">第七章 伟大历史转折和中国特色社会主义的开创</div>\r\n				<div>一、党的十一届三中全会实现伟大历史转折</div>\r\n				<div>二、拨乱反正任务的完成</div>\r\n				<div>三、农村改革、创办经济特区和改革开放的起步</div>\r\n				<div>四、党的十二大和社会主义现代化建设的全面展开</div>\r\n				<div>五、党的十三大和党在社会主义初级阶段基本路线的确立</div>\r\n				<div>六、国防战略的调整</div>\r\n				<div>七、“一国两制”方针的形成</div>\r\n				<div>八、外交方针政策的调整</div>\r\n				<div>九、经受政治风波的考验和治理整顿的完成</div>\r\n				<div class=\"title\">第八章 把中国特色社会主义全面推向</div>21世纪\r\n				<div>一、党的十四大和建立社会主义市场经济体制</div>\r\n				<div>二、加强宏观调控与经济发展实现“软着陆”</div>\r\n				<div>三、党的十五大和确立理论为党的指导思想、改革开放的深入推进</div>\r\n				<div>四、跨世纪发展战略的制定与实施</div>\r\n				<div>五、政治文明、先进文化建设和人民生活实现总体小康</div>\r\n				<div>六、积极推进中国特色军事变革</div>\r\n				<div>七、香港澳门回归祖国和两岸交流扩大</div>\r\n				<div>八、推动构建全方位多层次对外关系新格局</div>\r\n				<div>九、推进党的建设新的伟大工程</div>\r\n				<div>十、南方谈话</div>\r\n				<div class=\"title\">第九章 在新的形势下坚持和发展中国特色社会主义</div>\r\n				<div>一、党的十六大和确立“三个代表”重要思想为党的指导思想、提出全面建设小康社会的纲领</div>\r\n				<div>二、推动经济社会科学发展</div>\r\n				<div>三、党的十七大和全面建设小康社会新部署</div>\r\n				<div>四、应对重大挑战和深化改革开放</div>\r\n				<div>五、履行新世纪新阶段军队历史使命</div>\r\n				<div>六、推进“一国两制”实践和祖国和平统一大业</div>\r\n				<div>七、坚持和平发展合作</div>\r\n				<div>八、提高党的建设科学化水平和确立科学发展观为党的指导思想</div>\r\n				<div>九、国家制度和治理体系建设迈出新步伐</div>\r\n				<div class=\"title\">第十章 中国特色社会主义进人新时代</div>\r\n				<div>一、党的十八大和实现中华民族伟大复兴的中国梦</div>\r\n				<div>二、统筹推进“五位一体”总体布局</div>\r\n				<div>三、协调推进“四个全面”战略布局</div>\r\n				<div>四、全面推进国防和军队现代化建设</div>\r\n				<div>五、坚持“一国两制”和推进祖国统一</div>\r\n				<div>六、全面推进中国特色大国外交和推动构建人类命运共同体</div>\r\n				<div>七、党的十九大和确立新时代中国特色社会主义思想为党的指导思想、决胜全面建成小康社会</div>\r\n				<div>八、坚持党的全面领导和提高党的建设质量</div>\r\n				<div>十、在应对风险挑战中推进各项事业</div>\r\n				<div>十一、全面建成小康社会和开启全面建设社会主义现代化国家新征程</div>', '<div class=\"para\" label-module=\"para\" data-pid=\"11\">该书充分反映了习近平总书记关于党的历史的重要论述精神。党的十八大以来，习近平总书记围绕党的历史发表的一系列重要论述，是习近平新时代中国特色社会主义思想的重要组成部分，是中国共产党的理论成果，也集中反映了党史研究的进展，是《中国共产党简史》编写的根本遵循。《中国共产党简史》对建党建军、抗日战争、抗美援朝、社会主义建设中的曲折和改革开放等的叙述和评价，充分吸收了习近平总书记重要论述精神，高屋建瓴、鞭辟入里，既实事求是地讲出历史的本然，又明白晓畅地讲出历史的所以然。</div><div class=\"para\" label-module=\"para\" data-pid=\"12\">该书充分反映了中国选择中国特色社会主义道路的历史必然性。《中国共产党简史》讲清了以毛泽东同志为主要代表的中国共产党人艰辛探索、最终找到正确道路，从而推翻三座大山、建立新中国的历史；讲清了社会主义制度建立之后，党带领人民积极探索社会主义建设道路的历史；讲清了十一届三中全会以后中国共产党找到、坚持并不断开拓中国特色社会主义道路的历史；讲清了党的十八大以来，在以习近平同志为核心的党中央坚强领导下，各项事业取得历史性成就、发生历史性变革的历史。《中国共产党简史》以无可辩驳的事实阐明：道路问题是最根本的问题，中国特色社会主义道路是历史的选择，人民的选择。</div><div class=\"para\" label-module=\"para\" data-pid=\"13\">该书充分反映了百年党史是党带领人民群众共同创造的历史。《中国共产党简史》展现了中国共产党自诞生之日起就把为中国人民谋幸福、为中华民族谋复兴作为自己的初心和使命的历史。为此，党把中国人民团结凝聚成万众一心的磅礴力量，进行了前赴后继的不懈奋斗。《中国共产党简史》展现了人民群众在党的领导下艰苦奋斗的历史，介绍了他们中间涌现出的无数英雄和锻造的伟大精神。通览全书，雷锋、王进喜、“两弹一星”科学家等等，一个个光辉的名字彪炳史册；伟大抗战精神、伟大抗美援朝精神、伟大抗疫精神等等，一个个伟大的精神历久弥新。《中国共产党简史》以无可辩驳的事实阐明：中国之所以取得举世瞩目的伟大成就，是由于中国共产党的领导，是由于党始终同人民群众保持血肉联系，依靠人民创造了历史伟业。</div><div class=\"para\" label-module=\"para\" data-pid=\"14\">该书充分反映了党的光辉历史是不断推进马克思主义中国化的历史。《中国共产党简史》再现了毛泽东思想、邓小平理论、“三个代表”重要思想、科学发展观和习近平新时代中国特色社会主义思想的形成发展历程，以无可辩驳的事实阐明：中国共产党之所以能够把革命引向胜利，一条根本性的经验就是，必须坚持把马克思主义基本原理同中国具体实际结合起来，不断推进马克思主义中国化。</div><div class=\"para\" label-module=\"para\" data-pid=\"15\">该书充分反映了党的光辉历史是一部党不断进行自我革命的历史。《中国共产党简史》重点突出地反映了党加强自身建设的历史，对于党的代表大会如何推进中国革命、建设和改革，党章的修改怎样体现党的建设的新要求，都进行了浓墨重彩的描述。《中国共产党简史》以无可辩驳的事实阐明：中国共产党之所以能够在各种政治力量的反复较量中脱颖而出，能够始终走在时代前列、成为中国人民和中华民族的主心骨，根本原因就在于中国共产党始终保持了自我革命精神，不断把党建设得更加坚强有力。\r\n\r\n</div>', 'https://gimg2.baidu.com/image_search/src=http%3A%2F%2Fp9.itc.cn%2Fq_70%2Fimages03%2F20210423%2Fde7d2becd9d744ffad9cb00b589db902.png');
INSERT INTO `tab_book` VALUES ('2', '论中国共产党历史', '历史是最好的教科书。党的十八大以来，习近平同志围绕中国共产党历史发表了一系列重要论述，系统回顾我们党团结带领中国人民不懈奋斗的光辉历程，深入总结党在各个历史时期创造的理论成果、积累的宝贵经验、铸就的伟大精神，深刻阐明党为中华民族作出的伟大贡献、为解决人类问题提供的中国智慧中国方案，展望党和人民事业发展的光明前景。这些重要论述立意高远，内涵丰富，思想深刻，是习近平新时代中国特色社会主义思想的重要组成部分。习近平同志《论中国共产党历史》的出版发行，对于广大干部群众学好党的历史，增强“四个意识”、坚定“四个自信”、做到“两个维护”，决胜全面建成小康社会、开启全面建设社会主义现代化国家新征程、实现中华民族伟大复兴的中国梦，具有十分重要的指导意义。', '<div>实现中华民族伟大复兴是中华民族近代以来最伟大的梦想</div>\r\n<div>正确认识改革开放前和改革开放后两个历史时期</div>\r\n<div>知史爱党，知史爱国</div>\r\n<div>学习党史、国史是坚持和发展中国特色社会主义的必修课</div>\r\n<div>中国革命历史是最好的营养剂</div>\r\n<div>讲好中国共产党的故事</div>\r\n<div>革命精神是党和国家的宝贵财富</div>\r\n<div>革命老区是党和人民军队的根</div>\r\n<div>在纪念毛泽东同志诞辰一百二十周年座谈会上的讲话</div>\r\n<div>崇尚英雄、学习英雄、关爱英雄</div>\r\n<div>在纪念邓小平同志诞辰一百一十周年座谈会上的讲话</div>\r\n<div>在中国实行人民代表大会制度，是中国人民在人类政治制度史上的伟大创造</div>\r\n<div>古田会议奠基的我军政治工作对我军生存发展起到了决定性作用</div>\r\n<div>继续从延安精神中汲取力量</div>\r\n<div>总结党的历史经验，牢固树立“四个意识\"</div>\r\n<div>把红色基因传承好，把红色江山世世代代传下去</div>\r\n<div>让井冈山精神放射出新的时代光芒</div>\r\n<div>在庆祝中国共产党成立九十五周年大会上的讲话</div>\r\n<div>在纪念红军长征胜利八十周年大会上的讲话</div>\r\n<div>学好党史、新中国史、改革开放史、社会主义发展史</div>\r\n<div>在庆祝中国人民解放军建军九十周年大会上的讲话</div>\r\n<div>新时代中国共产党的历史使命</div>\r\n<div>走得再远都不能忘记来时的路</div>\r\n<div>深刻总结经济特区建设的宝贵经验</div>\r\n<div>在纪念马克思诞辰二百周年大会上的讲话</div>\r\n<div>在庆祝改革开放四十周年大会上的讲话</div>\r\n<div>在纪念五四运动一百周年大会上的讲话</div>\r\n<div>中国共产党的伟大革命精神跨越时空、永不过时</div>\r\n<div>党在陕甘宁地区的革命活动，建立了光照千秋的历史功绩</div>\r\n<div>以“赶考\"的清醒和坚定答好新时代的答卷</div>\r\n<div>了解历史才能看得远，永葆初心才能走得远</div>\r\n<div>人民政协在建立新中国和社会主义革命、建设、改革各个历史时期发挥了十分重要的作用</div>\r\n<div>在庆祝中华人民共和国成立七十周年大会上的讲话</div>\r\n<div>始终做到初心如磐、使命在肩</div>\r\n<div>在纪念中国人民抗日战争暨世界反法西斯战争胜利七十五周年座谈会上的讲话</div>\r\n<div>牢记初心使命走好新时代长征路</div>\r\n<div>兴办经济特区是党和国家为推进改革开放和社会主义现代化建设进行的伟大创举</div>\r\n<div>在纪念中国人民志愿军抗美援朝出国作战七十周年大会上的讲话</div>\r\n<div>中华民族伟大复兴历史进程的大跨越</div>\r\n<div>在浦东开发开放三十周年庆祝大会上的讲话</div>', null, 'https://p3.img.cctvpic.com/photoAlbum/page/performance/img/2021/5/27/1622104038230_275.jpg');
INSERT INTO `tab_book` VALUES ('3', '习近平新时代中国特色社会主义思想学习问答', '为把学习贯彻习近平新时代中国特色社会主义思想不断引向深入，中央宣传部组织编写了《习近平新时代中国特色社会主义思想学习问答》一书，已由学习出版社、人民出版社联合出版，即日起在全国发行。\r\n\r\n《问答》紧跟实践发展步伐，聚焦理论热点难点，回应干部群众关切，以问答体的形式全面系统、深入浅出阐述了习近平新时代中国特色社会主义思想的基本精神、基本内容、基本要求，有助于广大党员干部群众更加深入学习领会党的创新理论，更加自觉用以武装头脑、指导实践、推动工作。《问答》共分7个板块、100个问题，内容丰富、形式新颖，图文并茂、通俗易懂，是深入学习贯彻习近平新时代中国特色社会主义思想的重要辅助读物。', '<div>一、思想之旗领航向</div>\r\n<div>如何理解习近平新时代中国特色社会主义思想是当代中国马克思主义、21世纪马克思主义？</div>\r\n<div>如何理解习近平新时代中国特色社会主义思想创立的时代背景？</div>\r\n<div>如何理解习近平新时代中国特色社会主义思想是系统科学的理论体系？</div>\r\n<div>如何理解习近平新时代中国特色社会主义思想是经过实践检验、富有实践伟力的强大武器？</div>\r\n<div>如何理解习近平新时代中国特色社会主义思想是坚持和运用辩证唯物主义和历史唯物主义的光辉典范？</div>\r\n<div>如何理解毫不动摇坚持用习近平新时代中国特色社会主义思想武装全党、教育人民？</div>\r\n<div>二、人间正道开新篇</div>\r\n<div>中国特色社会主义进入新时代，新在哪里？</div>\r\n<div>世界正经历百年未有之大变局，变在何处？</div>\r\n<div>为什么说社会主要矛盾发生变化，但我国仍处于并将长期处于社会主义初级阶段？</div>\r\n<div>为什么说中国特色社会主义是历史的选择、人民的选择？</div>\r\n<div>为什么说中国特色社会主义是社会主义，不是别的什么主义？</div>\r\n<div>为什么说改革开放前后两个历史时期不能相互否定？</div>\r\n<div>为什么必须坚定中国特色社会主义道路自信、理论自信、制度自信、文化自信？</div>\r\n<div>如何理解“中国之治”背后的制度密码？</div>\r\n<div>为什么说新时代坚持和发展中国特色社会主义是一场伟大社会革命？</div>\r\n<div>为什么要丰富和发展</div>21世纪中国的马克思主义？\r\n<div>三、初心砥柱天地间</div>\r\n<div>我们党作为百年大党，为什么必须始终牢记初心和使命？</div>\r\n<div>对党员干部来讲，为什么说不忘初心、牢记使命是一辈子的事？</div>\r\n<div>为什么说以人民为中心是我们党的根本立场？</div>\r\n<div>为什么说人民对美好生活的向往就是我们的奋斗目标？</div>\r\n<div>为什么说人民是我们党执政的最大底气？</div>\r\n<div>为什么说只有中国共产党才能肩负起实现中华民族伟大复兴的历史使命？</div>\r\n<div>为什么说实现伟大梦想必须进行伟大斗争、建设伟大工程、推进伟大事业？</div>\r\n<div>四、“四个全面”擘宏图</div>\r\n<div>如何理解全面建成小康社会是中华民族伟大复兴向前迈出的新的一大步？</div>\r\n<div>如何理解打赢脱贫攻坚战谱写了人类反贫困历史新篇章？</div>\r\n<div>如何理解我国将进入全面建设社会主义现代化国家的新发展阶段？</div>\r\n<div>如何理解中国式现代化是人类历史上前所未有的大变革？</div>\r\n<div>如何理解当前和今后一个时期我国发展仍然处于重要战略机遇期？</div>\r\n<div>为什么说党的十一届三中全会是划时代的，党的十八届三中全会也是划时代的？</div>\r\n<div>为什么要提出全面深化改革总目标？</div>\r\n<div>如何理解全面深化改革是有方向、有立场、有原则的？</div>\r\n<div>为什么说全面深化改革既要摸着石头过河，又要加强顶层设计？</div>\r\n<div>如何理解要积极争当改革促进派、实干家？</div>\r\n<div>如何理解中国开放的大门只会越开越大？</div>\r\n<div>为什么说一些“回头浪”的逆流挡不住经济全球化的历史潮流？</div>\r\n<div>如何理解全面依法治国是国家治理的一场深刻革命？</div>\r\n<div>如何理解中国特色社会主义法治道路是建设社会主义法治国家的唯一正确道路？</div>\r\n<div>如何理解公正司法是维护社会公平正义的最后一道防线？</div>\r\n<div>为什么说我们坚持的依宪治国、依宪执政，与西方所谓的“宪政”本质上是不同的？</div>\r\n<div>为什么说“党大还是法大”是个伪命题？</div>\r\n<div>为什么说全面从严治党是一场伟大的自我革命？</div>\r\n<div>为什么说我们党是马克思主义执政党，同时是马克思主义革命党？</div>\r\n<div>如何理解政治建设是党的根本性建设？</div>\r\n<div>为什么说理想信念是共产党人精神上的“钙”？</div>\r\n<div>为什么要着力培养忠诚干净担当的高素质干部？</div>\r\n<div>为什么要驰而不息反对形式主义、官僚主义？</div>\r\n<div>为什么要把纪律的螺丝拧得紧而又紧？</div>\r\n<div>如何理解要把权力关进制度的笼子里？</div>\r\n<div>为什么要一体推进不敢腐、不能腐、不想腐？</div>\r\n<div>五、“五位一体”谱华章</div>\r\n<div>为什么说新发展理念开拓了中国特色社会主义政治经济学新境界？</div>\r\n<div>如何理解我国社会主义基本经济制度的重大发展？</div>\r\n<div>如何理解使市场在资源配置中起决定性作用，更好发挥政府作用？</div>\r\n<div>如何理解我国经济已由高速增长阶段转向高质量发展阶段？</div>\r\n<div>为什么要把推进供给侧结构性改革作为经济发展的主线？</div>\r\n<div>为什么说任何想把公有制经济否定掉或想把非公有制经济否定掉的观点都是错误的？</div>\r\n<div>为什么要完善关键核心技术攻关的新型举国体制？</div>\r\n<div>如何理解推动形成主体功能明显、优势互补、高质量发展的区域经济布局？</div>\r\n<div>如何理解把乡村振兴战略作为新时代“三农”工作总抓手？</div>\r\n<div>如何理解构建以国内大循环为主体、国内国际双循环相互促进的新发展格局？</div>\r\n<div>为什么说走中国特色社会主义政治发展道路，不能指望搬来政治制度上的“飞来峰”？</div>\r\n<div>如何理解中国特色社会主义民主是个新事物，也是个好事物？</div>\r\n<div>如何理解人民民主是一种“全过程民主”？</div>\r\n<div>如何理解协商民主是我们独特的、独有的、独到的民主形式？</div>\r\n<div>为什么说文化自信是更基础、更广泛、更深厚的自信？</div>\r\n<div>为什么要坚持马克思主义在意识形态领域指导地位的根本制度？</div>\r\n<div>为什么要着力培养担当民族复兴大任的时代新人？</div>\r\n<div>如何理解和把握伟大抗疫精神？</div>\r\n<div>为什么要旗帜鲜明反对西方所谓的“普世价值”？</div>\r\n<div>为什么说新闻舆论工作必须坚持党性原则、坚持党管媒体？</div>\r\n<div>为什么说中华优秀传统文化不能丢，丢了就割断了精神命脉？</div>\r\n<div>为什么说文艺不能在市场经济大潮中迷失方向？</div>\r\n<div>如何理解“过不了互联网这一关，就过不了长期执政这一关”？</div>\r\n<div>如何讲好中国故事，解决好“失语就要挨骂”的问题？</div>\r\n<div>为什么解决民生问题要多做雪中送炭的工作，少做花上垒花的虚功？</div>\r\n<div>为什么说立德树人是新时代教育的根本任务？</div>\r\n<div>为什么要毫不动摇把公益性写在医疗卫生事业的旗帜上？</div>\r\n<div>如何加强和创新社会治理，实现共建共治共享？</div>\r\n<div>为什么要像保护眼睛一样保护生态环境，像对待生命一样对待生态环境？</div>\r\n<div>如何理解绿水青山就是金山银山的理念？</div>\r\n<div>如何理解推动形成绿色发展方式和生活方式，是发展观的一场深刻革命？</div>\r\n<div>如何理解建设美丽中国要实行最严格的生态环境保护制度？</div>\r\n<div>六、千秋伟业强基石</div>\r\n<div>为什么说保证国家安全是头等大事？</div>\r\n<div>为什么说政治安全是国家安全的根本？</div>\r\n<div>为什么要增强忧患意识、防范风险挑战，尤其要高度警惕“黑天鹅”和“灰犀牛”事件？</div>\r\n<div>如何把人民军队建设成为世界一流军队？</div>\r\n<div>为什么要坚持党对人民军队的绝对领导？</div>\r\n<div>如何理解新时代人民军队使命任务？</div>\r\n<div>为什么说“一国两制”是中国特色社会主义的一个伟大创举？</div>\r\n<div>如何理解中央对香港、澳门的全面管治权？</div>\r\n<div>如何理解只有构建人类命运共同体才是人间正道？</div>\r\n<div>为什么说中国绝不会走“国强必霸”的路子？</div>\r\n<div>如何理解要全面推进中国特色大国外交，打造覆盖全球的“朋友圈”？</div>\r\n<div>为什么说共建“一带一路”是要建设同世界各国共享机遇、共谋发展的“百花园”？</div>\r\n<div>七、万山磅礴有主峰</div>\r\n<div>为什么说中国共产党领导是中国特色社会主义最本质的特征？</div>\r\n<div>如何理解党政军民学，东西南北中，党是领导一切的？</div>\r\n<div>如何理解党的领导制度是我国的根本领导制度？</div>\r\n<div>如何理解必须坚决维护习近平总书记党中央的核心、全党的核心地位？</div>\r\n<div>如何理解必须坚决维护党中央权威和集中统一领导？</div>\r\n<div>如何理解民主集中制是我们党的根本组织原则和领导制度？</div>\r\n<div>为什么和平年代还要进行具有许多新的历史特点的伟大斗争？</div>', null, 'https://p2.img.cctvpic.com/photoAlbum/page/performance/img/2021/4/22/1619095833656_322.jpg');
INSERT INTO `tab_book` VALUES ('4', '毛泽东 邓小平 江泽民 胡锦涛关于中国共产党历史论述摘编', '《毛泽东邓小平江泽民胡锦涛关于中国共产党历史论述摘编》（以下简称《论述摘编》）共计141段论述，分别摘自毛泽东同志、邓小平同志、江泽民同志、胡锦涛同志的讲话、报告、谈话、批示和书信等重要文献，内容涵盖对我们党不同时期的历史回顾，特别是对党史上重要人物、重要会议、重大事件的纪念及总结，深刻阐释了党在各个历史时期的光辉历程、理论成果、宝贵经验和伟大精神。', '<div>毛泽东重要论述（上）</div>\r\n<div>毛泽东重要论述（中）</div>\r\n<div>毛泽东重要论述（下）</div>\r\n<div>邓小平重要论述（上）</div>\r\n<div>邓小平重要论述（下）</div>\r\n<div>江泽民重要论述（上）</div>\r\n<div>江泽民重要论述（下）</div>\r\n<div>胡锦涛重要论述（上）</div>\r\n<div>胡锦涛重要论述（下）</div>', null, 'https://p5.img.cctvpic.com/photoAlbum/page/performance/img/2021/4/22/1619094178140_891.jpg');
INSERT INTO `tab_book` VALUES ('5', '中华人民共和国简史', '《中华人民共和国简史》坚持马克思主义唯物史观和实事求是原则，以习近平新时代中国特色社会主义思想为指导，在充分占有历史资料的基础上，去伪存真、去粗取精，科学、准确、全面地阐释历史。该书在写作过程中，注意充分吸收学界最新研究成果，并多次征求有关部门意见。这部著作是党史学习教育的重要参考材料，也是全社会开展“四史”宣传教育的重要用书。', null, null, 'https://p4.img.cctvpic.com/photoAlbum/page/performance/img/2021/10/12/1634001209686_194.jpg');
INSERT INTO `tab_book` VALUES ('6', '改革开放简史', '《简史》以习近平新时代中国特色社会主义思想为指导，全面贯彻习近平总书记关于“四史”的重要论述，充分体现习近平总书记在庆祝改革开放40周年大会、庆祝中华人民共和国成立70周年大会、党史学习教育动员大会、庆祝中国共产党成立100周年大会等会议上的重要讲话精神，以党中央有关文件精神为依据，牢牢把握改革开放40多年的主题和主线、主流和本质，站在实现“两个一百年”奋斗目标、实现中华民族伟大复兴的高度，站在历史和时代进步、党和国家未来发展的高度，以准确、系统、完整、生动、可读为写作原则，以严谨、流畅、受读者欢迎为写作目标，突出主题主线，注重夹叙夹议、史论结合，力求准确、简明阐述我国改革开放40多年的壮阔实践史，深刻、辩证、重点概括40多年改革开放蕴涵的丰富治国理政智慧和历史经验。', null, null, 'https://p1.img.cctvpic.com/photoAlbum/page/performance/img/2021/10/12/1634001187780_236.jpg');
INSERT INTO `tab_book` VALUES ('111', '社会主义发展简史', '　《社会主义发展简史》是按照党中央统一部署，为庆祝中国共产党成立100周年，配合全党开展党史学习教育，由中宣部组织有关单位编写的。编写组认真学习贯彻习近平总书记关于社会主义发展史一系列重要讲话精神和关于学习“四史”的重要要求，紧紧围绕社会主义发展的历史主题、历史脉络、历史规律，紧紧围绕中国特色社会主义的理论逻辑、历史逻辑、实践逻辑，深入阐述社会主义发展宏阔壮丽的历史进程，努力做到导向正确、史实准确、观点鲜明、语言生动，使之成为一部适合全党特别是基层党员学习，同时适合青年学生和普通群众了解社会主义发展史的高质量辅导读物。', null, null, 'https://p1.img.cctvpic.com/photoAlbum/page/performance/img/2021/10/12/1634001169215_927.jpg');
INSERT INTO `tab_book` VALUES ('112', '中国共产党的九十年', '经中共中央批准，中共中央党史研究室编著的《中国共产党的九十年》，由中共党史出版社、党建读物出版社出版发行。\r\n\r\n　　2010年7月，习近平同志提出编写《中国共产党的九十年》的任务，并在编写工作启动后亲自审定编写工作方案，作出长篇重要批示，给予重要指导。本书在中共中央党史研究室室务委员会具体领导下，历时六年编写完成。在编撰过程中，注意吸收《中国共产党历史》第一卷、第二卷和《中国共产党的七十年》的精华，并积极吸收党史研究最新成果。\r\n\r\n　　在本书编撰过程中，恰逢中国共产党第十八次全国代表大会召开，为了记述内容的完整性，将时间下限向后顺延，反映了1921—2012年中国共产党的历史。全书分为新民主主义革命时期、社会主义革命和建设时期、改革开放和社会主义现代化建设新时期三册，共60余万字。本书随文插图400余幅，图文并茂、准确生动地展现了中国共产党90余年的奋斗历程、光辉业绩和取得的伟大成就。\r\n\r\n　　这部权威通史类党史基本著作的出版，是党史学界取得的重大研究成果，也为广大党员、干部、群众和青少年学习党史提供了一部重要的教科书。', null, null, 'https://p4.img.cctvpic.com/photoAlbum/page/performance/img/2021/4/9/1617938414447_468.jpg');
INSERT INTO `tab_book` VALUES ('113', '红军长征史', '在两年的时间中，各路红军以百折不挠的革命精神和所向无敌的英雄气概，翻越了陡峭险峻甚至终年积雪的座座高山，跨过了激流汹涌、难以渡过的条条江河，穿过了沼泽遍布、神秘莫测的茫茫草地，冲出了国民党数十万军队一层又一层、一次又一次的围追堵截；他们顶寒风，冒雨雪，忍饥挨饿，遭冷受冻，甚至吃草根、咽树皮，经受了难以想象的千辛万苦，终于赢得了长征的胜利。\r\n\r\n　　由中共中央党史研究室第一研究部编著，郭德宏、张树军、韩钢、徐占权等著名党史军史专家撰写的这部《红军长征史》，真实地再现了这个人类历史上的伟大奇迹。作为一部经典的权威史著，本书20年前出版后影响很大，受到读者广泛关注，多次重印和再版，并曾获得国家图书奖和“五个一工程”奖。为弘扬长征精神，时值红军长征胜利80周年，《红军长征史》修订重印。', null, null, 'https://p3.img.cctvpic.com/photoAlbum/page/performance/img/2021/4/9/1617938531484_731.jpg');
INSERT INTO `tab_book` VALUES ('114', '新征程面对面', '《新征程面对面》以习近平新时代中国特色社会主义思想为指导，紧密联系我国进入新发展阶段实际，紧密联系干部群众思想实际，从理论阐释、新闻视角、问题意识、语言特色、历史纵深、国际视野等维度，对这些重大问题作出了深入浅出的解读，观点权威准确，语言通俗易懂，文风清新简洁，形式活泼多样，既讲是什么又讲为什么，既讲怎么看又讲怎么办，可作为干部群众、青年学生进行理论学习和开展形势政策教育的重要辅助读物。', '<div>一、复兴伟业谱新篇——怎么看新发展阶段？</div>\r\n<div>二、凌云纵横绘蓝图——新征程如何开启？</div>\r\n<div>三、天高海阔观澎湃——为什么我国发展仍然处于重要战略机遇期？</div>\r\n<div>四、破茧成蝶求嬗变——为什么要以推动高质量发展为主题？</div>\r\n<div>五、观念一变天地宽——新发展理念如何完整准确全面贯彻？</div>\r\n<div>六、一招落子满盘活——新发展格局如何加快构建？</div>\r\n<div>七、宝剑锋从磨砺出——科技自立自强如何实现？</div>\r\n<div>八、阡陌乡间大可为——农业农村现代化如何推进？</div>\r\n<div>九、彩云长在有新天——国家文化软实力如何提高？</div>\r\n<div>十、海纳百川千帆竞——合作共赢新局面如何开拓？</div>\r\n<div>十一、汔可小康盼大同——共同富裕如何扎实推动？</div>\r\n<div>十二、居安思危多备虑——发展和安全如何统筹？</div>\r\n<div>十三、运筹帷幄谋全局——为何强调坚持系统观念？</div>\r\n<div>十四、奋楫扬帆逐浪高——新发展奇迹如何创造？</div>', null, 'https://p2.img.cctvpic.com/photoAlbum/page/performance/img/2021/10/12/1634001464097_949.jpg');
INSERT INTO `tab_book` VALUES ('115', '中国制度面对面', '《中国制度面对面》以习近平新时代中国特色社会主义思想为指导，紧密联系新时代中国特色社会主义制度建设实际，紧密联系干部群众思想实际，对中国特色社会主义制度是怎么来的、中国特色社会主义制度为什么好、中国特色社会主义制度如何行稳致远等16个重大问题进行了深入浅出的解读阐释，可作为干部群众、青年学生进行理论学习和开展形势政策教育的重要辅助读物。', '<div>一、千秋伟业铸巨制——中国特色社会主义制度是怎么来的？</div>\r\n<div>二、喜看稻菽千重浪——中国特色社会主义制度为什么好？</div>\r\n<div>三、沧海横流显砥柱——党的领导制度体系为何摆在首位？</div>\r\n<div>四、神州人人皆舜尧——人民当家作主怎样通过制度来实现？</div>\r\n<div>五、治国安邦倚重器——中国特色社会主义法治体系如何保证公平正义？</div>\r\n<div>六、高效协同更便民——中国特色社会主义行政体制如何优化？</div>\r\n<div>七、经世济民正其制——社会主义基本经济制度有何重大发展？</div>\r\n<div>八、凝心聚神谱新篇——社会主义先进文化制度怎么守正创新？</div>\r\n<div>九、惟愿苍生俱饱暖——民生保障制度如何惠及全体人民？</div>\r\n<div>十、同心共筑平安梦——共建共治共享的社会治理制度如何搭建？</div>\r\n<div>十一、家在青山绿水间——生态文明制度体系如何为美丽中国保驾护航？</div>\r\n<div>十二、铁血丹心铸军魂——党对人民军队的绝对领导制度为何动摇不得？</div>\r\n<div>十三 、历史大势不可挡——“一国两制”重要制度为什么完全行得通？</div>\r\n<div>十四、命运与共同凉热——和平外交政策如何营造良好国际环境？</div>\r\n<div>十五、激浊扬清织密网——党和国家监督体系如何健全完善？</div>\r\n<div>十六、直挂云帆济沧海——中国特色社会主义制度如何行稳致远？</div>\r\n<div>一、千秋伟业铸巨制——中国特色社会主义制度是怎么来的？</div>\r\n<div>二、喜看稻菽千重浪——中国特色社会主义制度为什么好？</div>\r\n<div>三、沧海横流显砥柱——党的领导制度体系为何摆在首位？</div>\r\n<div>四、神州人人皆舜尧——人民当家作主怎样通过制度来实现？</div>\r\n<div>五、治国安邦倚重器——中国特色社会主义法治体系如何保证公平正义？</div>\r\n<div>六、高效协同更便民——中国特色社会主义行政体制如何优化？</div>\r\n<div>七、经世济民正其制——社会主义基本经济制度有何重大发展？</div>\r\n<div>八、凝心聚神谱新篇——社会主义先进文化制度怎么守正创新？</div>\r\n<div>九、惟愿苍生俱饱暖——民生保障制度如何惠及全体人民？</div>\r\n<div>十、同心共筑平安梦——共建共治共享的社会治理制度如何搭建？</div>\r\n<div>十一、家在青山绿水间——生态文明制度体系如何为美丽中国保驾护航？</div>\r\n<div>十二、铁血丹心铸军魂——党对人民军队的绝对领导制度为何动摇不得？</div>\r\n<div>十三 、历史大势不可挡——“一国两制”重要制度为什么完全行得通？</div>\r\n<div>十四、命运与共同凉热——和平外交政策如何营造良好国际环境？</div>\r\n<div>十五、激浊扬清织密网——党和国家监督体系如何健全完善？</div>\r\n<div>十六、直挂云帆济沧海——中国特色社会主义制度如何行稳致远？</div>\r\n', null, 'https://p2.img.cctvpic.com/photoAlbum/page/performance/img/2021/4/9/1617939096849_226.jpg');
INSERT INTO `tab_book` VALUES ('116', '新中国发展面对面', '该书以习近平新时代中国特色社会主义思想为指导，紧密联系新中国社会主义现代化建设的伟大实践，紧密联系干部群众思想实际，从理论与实践、历史与现实、国内与国际的结合上，对这些重大问题作出了深入浅出的解读阐释，集中回答干部群众普遍关心的重大问题。', '<div>天翻地覆慨而慷——新中国70年发生了怎样的变化</div>\r\n<div>当惊世界殊——中国经济奇迹是如何创造的？</div>\r\n<div>治不必同期于利民——中国式民主为什么符合国情</div>\r\n<div>文脉同国脉相连——中国何以文化自信</div>\r\n<div>幸福是奋斗出来的——中国老百姓日子怎样越过越红火</div>\r\n<div>生态兴则文明兴——中国是怎样走上绿色发展之路的</div>\r\n<div>锻造坚不可摧的钢铁长城——中国国防和军队现代化是如何推进的</div>\r\n<div>血浓于水一家亲——中国是如何坚持“一国两制”和推进祖国统一的</div>\r\n<div>为世界谋大同——中国是怎样走近世界舞台中央的</div>\r\n<div>鞋子合不合脚穿着才知道——中国道路为什么好</div>\r\n<div>众星拱月玉宇澈——中国共产党为什么能</div>\r\n<div>九万里风鹏正举——中国未来为什么前景可期</div>\r\n<div>天翻地覆慨而慷——新中国70年发生了怎样的变化</div>\r\n<div>当惊世界殊——中国经济奇迹是如何创造的？</div>\r\n<div>治不必同期于利民——中国式民主为什么符合国情</div>\r\n<div>文脉同国脉相连——中国何以文化自信</div>\r\n<div>幸福是奋斗出来的——中国老百姓日子怎样越过越红火</div>\r\n<div>生态兴则文明兴——中国是怎样走上绿色发展之路的</div>\r\n<div>锻造坚不可摧的钢铁长城——中国国防和军队现代化是如何推进的</div>\r\n<div>血浓于水一家亲——中国是如何坚持“一国两制”和推进祖国统一的</div>\r\n<div>为世界谋大同——中国是怎样走近世界舞台中央的</div>\r\n<div>鞋子合不合脚穿着才知道——中国道路为什么好</div>\r\n<div>众星拱月玉宇澈——中国共产党为什么能</div>\r\n<div>九万里风鹏正举——中国未来为什么前景可期</div>\r\n<div>天翻地覆慨而慷——新中国70年发生了怎样的变化</div>\r\n<div>当惊世界殊——中国经济奇迹是如何创造的？</div>\r\n<div>治不必同期于利民——中国式民主为什么符合国情</div>\r\n<div>文脉同国脉相连——中国何以文化自信</div>\r\n<div>幸福是奋斗出来的——中国老百姓日子怎样越过越红火</div>\r\n<div>生态兴则文明兴——中国是怎样走上绿色发展之路的</div>\r\n<div>锻造坚不可摧的钢铁长城——中国国防和军队现代化是如何推进的</div>\r\n<div>血浓于水一家亲——中国是如何坚持“一国两制”和推进祖国统一的</div>\r\n<div>为世界谋大同——中国是怎样走近世界舞台中央的</div>\r\n<div>鞋子合不合脚穿着才知道——中国道路为什么好</div>\r\n<div>众星拱月玉宇澈——中国共产党为什么能</div>\r\n<div>九万里风鹏正举——中国未来为什么前景可期</div>\r\n', '', 'https://p4.img.cctvpic.com/photoAlbum/page/performance/img/2021/4/9/1617938601355_921.jpg');

-- ----------------------------
-- Table structure for `tab_category`
-- ----------------------------
DROP TABLE IF EXISTS `tab_category`;
CREATE TABLE `tab_category` (
  `category_id` int(11) NOT NULL AUTO_INCREMENT,
  `name` varchar(255) DEFAULT NULL,
  `except` tinyint(4) DEFAULT NULL,
  PRIMARY KEY (`category_id`)
) ENGINE=InnoDB AUTO_INCREMENT=6 DEFAULT CHARSET=utf8;

-- ----------------------------
-- Records of tab_category
-- ----------------------------
INSERT INTO `tab_category` VALUES ('1', '全部', '1');
INSERT INTO `tab_category` VALUES ('2', '党史', '0');
INSERT INTO `tab_category` VALUES ('3', '新中国史', '0');
INSERT INTO `tab_category` VALUES ('4', '改革开放史', '0');
INSERT INTO `tab_category` VALUES ('5', '社会主义发展史', '0');

-- ----------------------------
-- Table structure for `tab_comment`
-- ----------------------------
DROP TABLE IF EXISTS `tab_comment`;
CREATE TABLE `tab_comment` (
  `comment_id` varchar(255) NOT NULL,
  `date` varchar(255) DEFAULT NULL,
  `content` varchar(255) DEFAULT NULL,
  `reply_id` varchar(255) DEFAULT NULL,
  `user_id` int(11) DEFAULT NULL,
  `detail_id` int(11) DEFAULT NULL,
  PRIMARY KEY (`comment_id`),
  KEY `user_id` (`user_id`),
  KEY `detail_id` (`detail_id`),
  KEY `reply_id` (`reply_id`),
  CONSTRAINT `tab_comment_ibfk_2` FOREIGN KEY (`user_id`) REFERENCES `tab_user` (`user_id`) ON DELETE CASCADE ON UPDATE CASCADE,
  CONSTRAINT `tab_comment_ibfk_3` FOREIGN KEY (`detail_id`) REFERENCES `tab_detail` (`detail_id`) ON DELETE CASCADE ON UPDATE CASCADE,
  CONSTRAINT `tab_comment_ibfk_4` FOREIGN KEY (`reply_id`) REFERENCES `tab_comment` (`comment_id`) ON DELETE CASCADE ON UPDATE CASCADE
) ENGINE=InnoDB DEFAULT CHARSET=utf8;

-- ----------------------------
-- Records of tab_comment
-- ----------------------------
INSERT INTO `tab_comment` VALUES ('1e1aafe9ca71444998e7ee1156afa7b0', '2021-11-24 20:37:26', '愿祖国越来越强大', null, '4', '2');
INSERT INTO `tab_comment` VALUES ('3d3a79c6624645d0ad86c9a0595166ce', '2021-11-17 20:23:08', '中国很强大', null, '2', '16');
INSERT INTO `tab_comment` VALUES ('46e8b9e3f2ae4848b7d1a9e9532d7470', '2021-11-24 20:41:42', '中国加油', null, '4', '3');
INSERT INTO `tab_comment` VALUES ('4ead5ca91bb04654b192985316ac017b', '2021-11-17 20:42:10', '祖国越来越强大', null, '2', '2');
INSERT INTO `tab_comment` VALUES ('4effd4fa4de64927b62e9b05fff40a06', '2021-11-21 20:58:03', '繁荣昌盛', '4ead5ca91bb04654b192985316ac017b', '3', '2');
INSERT INTO `tab_comment` VALUES ('94d9ee7285db45aea707c6d0d0c76522', '2021-11-16 19:36:08', '繁荣昌盛', null, '1', '1');
INSERT INTO `tab_comment` VALUES ('a9552de473514e71b6a6daa4b6c4276b', '2021-11-19 13:22:42', '繁荣昌盛', '94d9ee7285db45aea707c6d0d0c76522', '2', '1');
INSERT INTO `tab_comment` VALUES ('ec6fffd6309d4bc293e2923041c8a59b', '2021-11-16 15:09:39', '祝愿祖国繁荣昌盛', null, '1', '2');

-- ----------------------------
-- Table structure for `tab_detail`
-- ----------------------------
DROP TABLE IF EXISTS `tab_detail`;
CREATE TABLE `tab_detail` (
  `detail_id` int(11) NOT NULL AUTO_INCREMENT,
  `title` varchar(255) DEFAULT NULL,
  `author` varchar(255) DEFAULT NULL,
  `time` varchar(255) DEFAULT '',
  `views` varchar(255) DEFAULT '0',
  `content` text,
  `likes` varchar(255) DEFAULT '0',
  `comments` varchar(255) DEFAULT '0',
  `category_id` int(11) DEFAULT NULL,
  `type` tinyint(4) DEFAULT '0',
  PRIMARY KEY (`detail_id`),
  KEY `category_id` (`category_id`),
  CONSTRAINT `tab_detail_ibfk_1` FOREIGN KEY (`category_id`) REFERENCES `tab_category` (`category_id`) ON DELETE CASCADE ON UPDATE CASCADE
) ENGINE=InnoDB AUTO_INCREMENT=18 DEFAULT CHARSET=utf8;

-- ----------------------------
-- Records of tab_detail
-- ----------------------------
INSERT INTO `tab_detail` VALUES ('1', '习近平出席亚太经合组织第二十八次领导人非正式会议并发表重要讲话', '人民网－人民日报', '2021-11-13', '38', '<div class=\"Custom_UnionStyle\">\r\n<div>　　新华社北京11月12日电 11月12日晚，国家主席习近平在北京以视频方式出席亚太经合组织第二十八次领导人非正式会议并发表重要讲话。</div>\r\n<div style=\"text-align: center;\"><img src=\"https://www.ccps.gov.cn/xtt/202111/W020211113411866659781.jpg\" style=\"border-width: 0px;\" alt=\"\" oldsrc=\"W020211113411866659781.jpg\"></div>\r\n<div>　　<font color=\"#000080\">11月12日晚，国家主席习近平在北京以视频方式出席亚太经合组织第二十八次领导人非正式会议并发表重要讲话。新华社记者 黄敬文 摄</font></div>\r\n<div>　　习近平指出，今年是中国加入亚太经合组织30周年。这30年，是中国深化改革、扩大开放的30年，也是亚太经济合作不断扩展的30年。亚太成为全球最具增长活力和发展潜力的地区，为世界经济增长和地区人民福祉作出了积极贡献。我们要推进落实2040年布特拉加亚愿景，构建开放包容、创新增长、互联互通、合作共赢的亚太命运共同体。</div>\r\n<div>　　第一，推动抗疫合作和经济复苏。早日战胜疫情、恢复经济增长，是当前亚太各成员最重要的任务。要科学应对疫情，深化国际合作，促进疫苗研发、生产、公平分配。中国宣布全年将努力对外提供20亿剂疫苗，迄今已提供超过17亿剂。不久前，中方提出了全球疫苗合作行动倡议，明确未来3年内提供30亿美元，用于支持发展中国家抗疫和恢复经济社会发展。中方欢迎亚太经合组织促进关键物资流通和人员安全往来倡议，将继续向“应对疫情和经济复苏”子基金提供支持，助力各成员恢复和发展经济。</div>\r\n<div style=\"text-align: center;\"><img src=\"https://www.ccps.gov.cn/xtt/202111/W020211113411866666857.jpg\" style=\"border-width: 0px;\" alt=\"\" oldsrc=\"W020211113411866666857.jpg\"></div>\r\n<div>　　<font color=\"#000080\">11月12日晚，国家主席习近平在北京以视频方式出席亚太经合组织第二十八次领导人非正式会议并发表重要讲话。新华社记者 李响 摄</font></div>\r\n<div>　　第二，构建开放型亚太经济。开放是亚太合作的生命线。要坚持开放的地区主义，推进区域经济一体化，早日建成高水平亚太自由贸易区。要践行真正的多边主义，坚持对话而不对抗、包容而不排他、融合而不脱钩，坚定维护以世界贸易组织为核心的多边贸易体制。中方期待《区域全面经济伙伴关系协定》明年如期生效，已申请加入《全面与进步跨太平洋伙伴关系协定》。</div>\r\n<div>　　第三，促进创新增长和数字经济发展。创新是引领世界发展的重要动力。要坚持创新驱动大方向，全面平衡落实亚太经合组织《互联网和数字经济路线图》，为创新和生产力发展构建开放、公平、公正、非歧视的环境。加强数字基础设施建设，加快数字转型，努力弥合“数字鸿沟”，推动数字经济全面发展。中国提出促进数字时代互联互通倡议，支持加强数字经济国际合作，已申请加入《数字经济伙伴关系协定》。</div>\r\n<div style=\"text-align: center;\"><img src=\"https://www.ccps.gov.cn/xtt/202111/W020211113411866673680.jpg\" style=\"border-width: 0px;\" alt=\"\" oldsrc=\"W020211113411866673680.jpg\"></div>\r\n<div>　　<font color=\"#000080\">11月12日晚，国家主席习近平在北京以视频方式出席亚太经合组织第二十八次领导人非正式会议并发表重要讲话。新华社记者 黄敬文 摄</font></div>\r\n<div>　　第四，实现包容可持续发展。要坚持人与自然和谐共生，积极应对气候变化，促进绿色低碳转型，努力构建地球生命共同体。中方支持发展中国家发展绿色低碳能源，愿同有关各国一道，推进高质量共建“一带一路”，全面落实联合国2030年可持续发展议程，让发展成果更多更公平惠及各国人民。我提出全球发展倡议，旨在推动全球发展迈向平衡协调包容新阶段，对推动亚太地区可持续发展具有重要意义。经济技术合作是亚太经合组织重要合作领域，应该加大投入力度，确保发展中成员从中受益，为亚太地区发展繁荣持续注入新动力。</div>\r\n<div>　　习近平强调，今年是中国共产党成立100周年。让14亿多中国人民过上更加美好的生活、促进人类和平与发展，是中国共产党矢志不渝的奋斗目标。当前，中国已经开启全面建设社会主义现代化国家新征程。中国将坚定不移扩大对外开放，同世界和亚太各成员分享中国发展机遇。</div>\r\n<div style=\"text-align: center;\"><img src=\"https://www.ccps.gov.cn/xtt/202111/W020211113411866682868.jpg\" style=\"border-width: 0px;\" alt=\"\" oldsrc=\"W020211113411866682868.jpg\"></div>\r\n<div>　　<font color=\"#000080\">11月12日晚，国家主席习近平在北京以视频方式出席亚太经合组织第二十八次领导人非正式会议并发表重要讲话。新华社记者 申宏 摄</font></div>\r\n<div>　　习近平最后强调，新西兰有一句毛利谚语：“成功从不是凭借个人，而是依靠集体。”中方愿同亚太各成员一道，积极推动构建亚太命运共同体，携手开创亚太经济合作新篇章。</div>\r\n<div>　　会议由新西兰总理阿德恩主持，主题为“推动疫后经济复苏，实现亚太人民和子孙后代的共同繁荣”。会议通过了《2040年亚太经合组织布特拉加亚愿景》落实计划，发表了《2021年亚太经合组织领导人宣言》。</div>\r\n<div>　　丁薛祥、杨洁篪、王毅、何立峰等参加会议。</div>\r\n<div>　　<font color=\"#000080\"><b>延伸阅读：</b></font></div>\r\n<div><font color=\"#000080\"><b>　　<a href=\"https://www.ccps.gov.cn/xtt/202111/t20211112_151660.shtml\">习近平在亚太经合组织第二十八次领导人非正式会议上的讲话（全文）</a></b></font></div>\r\n<div style=\"text-align: right;\">　　<font size=\"2\">（责编：郭丽娟）</font></div>\r\n</div>', '2', '2', '2', '1');
INSERT INTO `tab_detail` VALUES ('2', '习近平出席亚太经合组织工商领导人峰会并发表主旨演讲', '人民网－人民日报', '2021-11-13', '23', '<div class=\"_2OVtLCRVVVa5RwDyfhipoy \"><div class=\"_1T4GB1ESohOqTGNmwCAcuf \"><p><span class=\"bjh-p\">新华社北京11月11日电 11月11日，国家主席习近平应邀在北京以视频方式向亚太经合组织工商领导人峰会发表题为《坚持可持续发展　共建亚太命运共同体》的主旨演讲。</span></p><!--15--><!--16--><!--17--><!--18--><!--19--><!--20--></div><div class=\"_4TUZRg-Yz-JYH2P3V5fsh \"><!--21--><!--22--><div class=\"_1Dg_4ksYttUK-gyQE1RGR6\"><img src=\"http://www.gov.cn/xinwen/2021-11/11/5650240/images/bcfd9a6082684957981dc1409dd21dfe.jpg\"><!--25--></div><!--23--><!--26--><!--27--><!--28--></div><div class=\"_1T4GB1ESohOqTGNmwCAcuf \"><p><span class=\"bjh-p\">11月11日，国家主席习近平应邀在北京以视频方式向亚太经合组织工商领导人峰会发表题为《坚持可持续发展 共建亚太命运共同体》的主旨演讲。新华社记者 李学仁 摄</span></p><!--29--><!--30--><!--31--><!--32--><!--33--><!--34--></div><div class=\"_1T4GB1ESohOqTGNmwCAcuf \"><p><span class=\"bjh-p\">习近平指出，当前，新冠肺炎疫情仍在全球蔓延，世界经济复苏艰难曲折。亚太地区应该勇担时代责任，发挥引领作用，坚定朝着构建亚太命运共同体目标迈进。</span></p><!--35--><!--36--><!--37--><!--38--><!--39--><!--40--></div><div class=\"_1T4GB1ESohOqTGNmwCAcuf \"><p><span class=\"bjh-p\">第一，全力抗击疫情。越是困难时刻，越要坚定信心，越要沉着勇毅。面对这场事关人类前途命运的世纪考验，亚太各经济体和社会各界要坚持人民至上、生命至上，弘扬科学精神，团结一心，努力赢得抗击疫情的彻底胜利。</span></p><!--41--><!--42--><!--43--><!--44--><!--45--><!--46--></div><div class=\"_1T4GB1ESohOqTGNmwCAcuf \"><p><span class=\"bjh-p\">第二，坚持开放合作。各方要把握大势，积极主动扩大开放，推进贸易和投资自由化便利化，维护产业链供应链稳定顺畅，推动经济复苏，实现联动发展。要坚持向前看、朝前走。亚太地区不能也不应该回到冷战时期的对立和割裂状态。</span></p><!--47--><!--48--><!--49--><!--50--><!--51--><!--52--></div><div class=\"_1T4GB1ESohOqTGNmwCAcuf \"><p><span class=\"bjh-p\">第三，推进绿色转型。要坚持共同但有区别的责任原则，落实好应对气候变化《巴黎协定》和《生物多样性公约》第十五次缔约方大会成果，共同走绿色、低碳、可持续发展道路。坚持以人民为中心，协调好经济增长、民生保障、节能减排，在经济发展中促进绿色转型，在绿色转型中实现更大发展。</span></p><!--53--><!--54--><!--55--><!--56--><!--57--><!--58--></div><div class=\"_1T4GB1ESohOqTGNmwCAcuf \"><p><span class=\"bjh-p\">第四，积极推进创新。要加速科技和制度创新，推动科技成果转化，培育经济发展新动能。加强亚太成员科技创新协作，为科技发展打造开放、公平、公正、非歧视的环境。工商界要努力成为研发投入、成果转化的主力军。</span></p><!--59--><!--60--><!--61--><!--62--><!--63--><!--64--></div><div class=\"_1T4GB1ESohOqTGNmwCAcuf \"><p><span class=\"bjh-p\">习近平强调，中国经济发展一直同亚太区域合作进程相融相伴。中国如期实现全面建成小康社会，开启了全面建设社会主义现代化国家新征程，这将为亚太地区带来更大机遇。</span></p><!--65--><!--66--><!--67--><!--68--><!--69--><!--70--></div><div class=\"_1T4GB1ESohOqTGNmwCAcuf \"><p><span class=\"bjh-p\">中国将坚定不移推进改革开放，为亚太经济发展提供助力。中国致力于推进高标准市场体系建设，推动重要领域和关键环节改革取得新进展，打造高水平、制度型对外开放格局，持续优化营商环境，打造统一开放、竞争有序的市场体系，不断夯实中国经济长远发展根基，并为亚太及全球工商界来华投资兴业提供更好保障。</span></p><!--71--><!--72--><!--73--><!--74--><!--75--><!--76--></div><div class=\"_1T4GB1ESohOqTGNmwCAcuf \"><p><span class=\"bjh-p\">中国将推进全面绿色转型，为亚太及全球生态文明建设作出贡献。中国将积极推进生态文明建设，坚定实施应对气候变化国家战略，统筹低碳转型和民生需要，如期实现碳达峰、碳中和目标。欢迎亚太工商界积极参与，共创绿色发展未来。</span></p><!--77--><!--78--><!--79--><!--80--><!--81--><!--82--></div><div class=\"_1T4GB1ESohOqTGNmwCAcuf \"><p><span class=\"bjh-p\">中国将致力于促进合作共赢，为亚太经济发展添砖加瓦。坚持真正的多边主义，积极参与全球经济治理，推动建设开放型世界经济。坚定推进高质量共建“一带一路”，加强全球减贫、粮食安全、发展筹资等领域合作，为亚太经济复苏和可持续发展注入动力，构建全球发展命运共同体。</span></p><!--83--><!--84--><!--85--><!--86--><!--87--><!--88--></div><!--14--><!--89--><!--90--><div class=\"_4TUZRg-Yz-JYH2P3V5fsh\"><div class=\"_3HXq-U8Jc-Z3lJevUFjWSz\"><span>举报/反馈</span></div></div></div>', '1', '4', '2', '0');
INSERT INTO `tab_detail` VALUES ('3', '百年党史 | 党的历史是丰富生动的教科书', '云南省人民检察院\r\n', '2021-11-17', '6', '<div class=\"_2OVtLCRVVVa5RwDyfhipoy \"><div class=\"_1T4GB1ESohOqTGNmwCAcuf \"><p><span class=\"bjh-p\"><span class=\"bjh-strong\">学习党史</span></span></p><!--15--><!--16--><!--17--><!--18--><!--19--><!--20--></div><div class=\"_4TUZRg-Yz-JYH2P3V5fsh \"><!--21--><!--22--><div class=\"_1Dg_4ksYttUK-gyQE1RGR6\"><img src=\"https://pic.rmb.bdstatic.com/bjh/down/8cd191a95629bbfbb487faacedf22439.gif\" width=\"480\" class=\"WGim2_x9QY_MDLSyZ5g3O\"><!--25--></div><!--23--><!--26--><!--27--><!--28--></div><div class=\"_1T4GB1ESohOqTGNmwCAcuf \"><p><span class=\"bjh-p\">编辑</span></p><!--29--><!--30--><!--31--><!--32--><!--33--><!--34--></div><div class=\"_1T4GB1ESohOqTGNmwCAcuf \"><p><span class=\"bjh-p\">今年是中国共产党成立一百周年。在这样一个重要时间节点，在全党集中开展党史学习教育，对于深入学习贯彻习近平新时代中国特色社会主义思想，从党的百年伟大奋斗历程中汲取继续前进的智慧和力量，激励全党全国各族人民满怀信心迈进全面建设社会主义现代化国家新征程，具有极其重要的现实意义和历史意义。<span class=\"bjh-br\"></span></span></p><!--35--><!--36--><!--37--><!--38--><!--39--><!--40--></div><div class=\"_1T4GB1ESohOqTGNmwCAcuf \"><p><span class=\"bjh-p\">学习党的历史，确立正确的党史观和科学的方法论至关重要。党的十八大以来，习近平总书记围绕学习党的历史发表一系列重要讲话，作出一系列重要指示批示。特别是习近平总书记在党史学习教育动员大会上发表重要讲话，深刻阐述了为什么要学习党的历史、从党的历史中学习什么、学习党的历史要达到什么目的等一系列重大问题，为我们开展好党史学习教育指明了正确方向，提供了根本遵循。</span></p><!--41--><!--42--><!--43--><!--44--><!--45--><!--46--></div><div class=\"_1T4GB1ESohOqTGNmwCAcuf \"><p><span class=\"bjh-p\"><span class=\"bjh-strong\">【为什么要学习党的历史】</span></span></p><!--47--><!--48--><!--49--><!--50--><!--51--><!--52--></div><div class=\"_1T4GB1ESohOqTGNmwCAcuf \"><p><span class=\"bjh-p\">我们党历来重视党史学习教育，注重用党的奋斗历程和伟大成就鼓舞斗志、明确方向，用党的光荣传统和优良作风坚定信念、凝聚力量，用党的实践创造和历史经验启迪智慧、砥砺品格。习近平总书记强调指出：“我们党的一百年，是矢志践行初心使命的一百年，是筚路蓝缕奠基立业的一百年，是创造辉煌开辟未来的一百年。回望过往的奋斗路，眺望前方的奋进路，必须把党的历史学习好、总结好，把党的成功经验传承好、发扬好。”历史是一个民族安身立命的基础。历史是一个民族、一个国家、一个政党形成和发展及其盛衰兴亡的真实记录。学习历史，可以“看成败、鉴得失、知兴替”。读史可以明智，知古方能鉴今。历史是从昨天走到今天，又从今天走向明天的。过去、现在、未来是相通的。只有了解了过去，才能正确认识现在；只有正确认识了现在，才能科学把握未来。</span></p><!--53--><!--54--><!--55--><!--56--><!--57--><!--58--></div><div class=\"_1T4GB1ESohOqTGNmwCAcuf \"><p><span class=\"bjh-p\">正因为如此深刻地认识到了党的历史的这个功能和作用，习近平总书记在党的政治建设、思想建设和全社会的思想政治教育工作中，反复强调学习党的历史对广大党员干部“不忘初心、牢记使命”的重要性，对人民群众传承红色基因、弘扬革命精神的重要性，对党的各级领导干部总结历史经验、提高治国理政能力的重要性，对全社会正本清源、反对历史虚无主义的重要性。</span></p><!--59--><!--60--><!--61--><!--62--><!--63--><!--64--></div><div class=\"_1T4GB1ESohOqTGNmwCAcuf \"><p><span class=\"bjh-p\">习近平总书记指出：“一切向前走，都不能忘记走过的路；走得再远、走到再光辉的未来，也不能忘记走过的过去，不能忘记为什么出发。”要“牢记红色政权是从哪里来的、新中国是怎么建立起来的，不忘历史、不忘初心”。</span></p><!--65--><!--66--><!--67--><!--68--><!--69--><!--70--></div><div class=\"_1T4GB1ESohOqTGNmwCAcuf \"><p><span class=\"bjh-p\">他强调：“人无精神则不立，国无精神则不强。”“我们党的每一段革命历史，都是一部理想信念的生动教材。”我们党在各个历史时期创立的革命精神“是党和国家的宝贵财富”。他指出：“西柏坡我来过多次，每次都怀着崇敬之心来，带着许多思考走。”“每到井冈山、延安、西柏坡等革命圣地，都是一次精神上、思想上的洗礼。”“多重温我们党领导人民进行革命的伟大历史，心中就会增加很多正能量。”“广大党员、干部和人民群众要很好学习了解党史、新中国史，守住党领导人民创立的社会主义伟大事业，世世代代传承下去。”“学习党史、国史，是我们坚持和发展中国特色社会主义、把党和国家各项事业继续推向前进的必修课。这门功课不仅必修，而且必须修好。”</span></p><!--71--><!--72--><!--73--><!--74--><!--75--><!--76--></div><div class=\"_1T4GB1ESohOqTGNmwCAcuf \"><p><span class=\"bjh-p\">他还特别强调：“古人说：‘灭人之国，必先去其史。’国内外敌对势力往往就是拿中国革命史、新中国历史来做文章，竭尽攻击、丑化、污蔑之能事，根本目的就是要搞乱人心，煽动推翻中国共产党的领导和我国社会主义制度。”对此，我们必须保持清醒头脑，坚决同历史虚无主义作斗争，加强思想引导和理论辨析，更好正本清源、固本培元。</span></p><!--77--><!--78--><!--79--><!--80--><!--81--><!--82--></div><div class=\"_1T4GB1ESohOqTGNmwCAcuf \"><p><span class=\"bjh-p\">习近平总书记的这些重要论述，都是我们党对党的历史的一贯立场和态度，体现了我们党对学习应用党的历史重要性和必要性的深刻认识。因此，在全党开展党史学习教育，是牢记初心使命、推进中华民族伟大复兴历史伟业的必然要求，是坚定信仰信念、在新时代坚持和发展中国特色社会主义的必然要求，是推进党的自我革命、永葆党的生机活力的必然要求。</span></p><!--83--><!--84--><!--85--><!--86--><!--87--><!--88--></div><div class=\"_1T4GB1ESohOqTGNmwCAcuf \"><p><span class=\"bjh-p\"><span class=\"bjh-strong\">【从党的历史中学习什么】</span></span></p><!--89--><!--90--><!--91--><!--92--><!--93--><!--94--></div><div class=\"_1T4GB1ESohOqTGNmwCAcuf \"><p><span class=\"bjh-p\">习近平总书记在阐述学习党的历史重要性的同时，提出了应该学习和把握的党的历史的主要内容和应该采取的学习党的历史的科学方法。</span></p><!--95--><!--96--><!--97--><!--98--><!--99--><!--100--></div><div class=\"_1T4GB1ESohOqTGNmwCAcuf \"><p><span class=\"bjh-p\">首先，习近平总书记强调了要深刻认识中国共产党的性质宗旨和最高理想最终目标。近代中国为什么会产生中国共产党？中国共产党怎样改变了中国、影响了世界？中国共产党为中国人民、中华民族、人类文明进步事业作出了什么样的伟大历史贡献？习近平总书记指出：中国共产党是中国工人阶级的先锋队，同时是中国人民和中华民族的先锋队。党的宗旨是全心全意为人民服务。中国共产党是“在近代以后中国社会的剧烈运动中，在中国人民反抗封建统治和外来侵略的激烈斗争中，在马克思列宁主义同中国工人运动的结合过程中”应运而生的。中国共产党的产生绝不是偶然的，而是历史的必然。“中国共产党一经成立，就把实现共产主义作为党的最高理想和最终目标，义无反顾肩负起实现中华民族伟大复兴的历史使命”。</span></p><!--101--><!--102--><!--103--><!--104--><!--105--><!--106--></div><div class=\"_1T4GB1ESohOqTGNmwCAcuf \"><p><span class=\"bjh-p\">其次，习近平总书记提出了要准确把握党的历史发展的主题主线、主流本质，正确认识和科学评价党史上的重大事件、重要会议、重要人物。那么，什么是党的历史的主题主线、主流本质呢？近代以来，中国人民面临着争取民族独立、人民解放和实现国家富强、人民幸福两大历史任务，这两大历史任务就是中国共产党历史发展的主题主线。党的历史的主流本质是：党的历史，是党领导全党同志和全国各族人民不断为实现民族独立、人民解放和国家富强、人民幸福而不懈奋斗的历史；是党坚持把马克思主义基本原理同中国具体实际相结合、不断探索适合中国国情的革命和建设道路，推进改革开放和社会主义现代化建设，推进马克思主义中国化、推进理论创新的历史；是党加强和改进自身建设、保持和发展党的先进性，不断经受住各种风险和挑战考验、发展壮大的历史。概括起来讲，就是“不懈奋斗史”“理论探索史”“自身建设史”。把握了党的历史的主题主线、主流本质，就抓住了学习党的历史的总纲，就可以起到提纲挈领、纲举目张的作用。还要坚持以我们党关于历史问题的两个决议和党中央有关精神为依据，正确认识和科学评价党史上的重大事件、重要会议、重要人物。</span></p><!--107--><!--108--><!--109--><!--110--><!--111--><!--112--></div><div class=\"_1T4GB1ESohOqTGNmwCAcuf \"><p><span class=\"bjh-p\">再次，习近平总书记提出要从党的历史中汲取智慧和力量。这些重要论述，主要体现在习近平总书记在党的历史的重大事件和重要人物的纪念或庆祝活动以及在地方考察调研时的重要讲话中。在庆祝中国共产党成立95周年大会上的讲话中，习近平总书记阐述了我们党为中华民族作出的完成新民主主义革命、建立中华人民共和国，确立社会主义基本制度、推进社会主义建设，进行改革开放新的伟大革命的3个伟大历史贡献。并总结了坚持不忘初心、继续前进的8个方面的历史启示。在纪念红军长征胜利80周年大会上的重要讲话中，习近平总书记从理想信念、检验真理、唤醒民众、开创新局4个方面对长征的伟大意义进行了新的概括。在庆祝中国人民解放军建军90周年大会上的重要讲话中，习近平总书记对人民军队在党的旗帜下前进，发展壮大形成的历史经验进行了高度概括。在庆祝改革开放40周年大会上的重要讲话中，习近平总书记提出了“建立中国共产党、成立中华人民共和国、推进改革开放和中国特色社会主义事业，是五四运动以来我国发生的三大历史性事件，是近代以来实现中华民族伟大复兴的三大里程碑”的重要结论，总结了改革开放40年积累的9个方面的宝贵经验。在深圳经济特区建立40周年庆祝大会上的重要讲话中，习近平总书记从10个方面对经济特区40年改革开放、创新发展积累的宝贵经验进行了总结。在纪念毛泽东同志诞辰120周年座谈会上的重要讲话中，习近平总书记对毛泽东思想活的灵魂的3个方面即实事求是、群众路线、独立自主，结合新的形势和新的历史条件进行了全面深刻阐释。在纪念邓小平同志诞辰110周年座谈会上的重要讲话中，习近平总书记对邓小平同志的思想理论和精神风范，从崇高品格、伟大情怀、理论品质、政治勇气、战略思维、博大胸襟6个方面进行了阐发。</span></p><!--113--><!--114--><!--115--><!--116--><!--117--><!--118--></div><div class=\"_1T4GB1ESohOqTGNmwCAcuf \"><p><span class=\"bjh-p\">除此以外，习近平总书记在不同时间地点和不同场合的讲话中，还论述了五四精神、红船精神、井冈山精神、苏区精神、长征精神、遵义会议精神、东北抗联精神、延安精神、红岩精神、太行精神、吕梁精神、抗战精神、沂蒙精神、西柏坡精神、抗美援朝精神、北大荒精神、大庆精神、铁人精神、红旗渠精神、焦裕禄精神、雷锋精神、王杰精神、劳模精神、劳动精神、工匠精神、塞罕坝精神、抗疫精神等。这些精神构筑起了中国共产党人的精神谱系，是激励我们前行的强大力量之源，为我们立党兴党强党提供了丰厚滋养。</span></p><!--119--><!--120--><!--121--><!--122--><!--123--><!--124--></div><div class=\"_1T4GB1ESohOqTGNmwCAcuf \"><p><span class=\"bjh-p\"><span class=\"bjh-strong\">【学习党的历史要达到什么目的】</span></span></p><!--125--><!--126--><!--127--><!--128--><!--129--><!--130--></div><div class=\"_1T4GB1ESohOqTGNmwCAcuf \"><p><span class=\"bjh-p\">学习党的历史，不是为了学习而学习。习近平总书记特别强调，要教育引导全党感悟马克思主义的真理力量和实践力量，坚持不懈用党的创新理论最新成果武装头脑、指导实践、推动工作；要教育引导全党胸怀中华民族伟大复兴战略全局和世界百年未有之大变局，增强工作的系统性、预见性、创造性；要教育引导全党深刻认识党的性质宗旨，坚持一切为了人民、一切依靠人民；要总结运用党在不同历史时期成功应对风险挑战的丰富经验，不断增强斗争意识、丰富斗争经验、提升斗争本领；要教育引导全党大力发扬红色传统、传承红色基因，鼓起迈进新征程、奋进新时代的精气神；要教育引导全党从党史中汲取正反两方面历史经验，坚定不移向党中央看齐，确保全党上下拧成一股绳，心往一处想、劲往一处使。概括起来讲就是学史明理、学史增信、学史崇德、学史力行。</span></p><!--131--><!--132--><!--133--><!--134--><!--135--><!--136--></div><div class=\"_1T4GB1ESohOqTGNmwCAcuf \"><p><span class=\"bjh-p\">第一，要坚定理想信念。习近平总书记指出：“坚定理想信念，坚守共产党人精神追求，始终是共产党人安身立命的根本。”“革命理想高于天。理想信念之火一经点燃，就永远不会熄灭。”“理想因其远大而为理想，信念因其执着而为信念。”“在中央苏区和长征途中，党和红军就是依靠坚定的理想信念和坚强的革命意志，一次次绝境重生，愈挫愈勇，最后取得了胜利，创造了难以置信的奇迹。”党员和领导干部有了坚定的理想信念，站位就高了，眼界就宽了，心胸就开阔了，就能坚持正确政治方向，在胜利和顺境时不骄傲不急躁，在困难和逆境时不消沉不动摇，经受住各种风险和困难考验，自觉抵御各种腐朽思想的侵蚀，永葆共产党人政治本色。习近平总书记要求：“我们要从红色基因中汲取强大的信仰力量，增强‘四个意识’，坚定‘四个自信’，做到‘两个维护’，自觉做共产主义远大理想和中国特色社会主义共同理想的坚定信仰者和忠实实践者，真正成为百折不挠、终生不悔的马克思主义战士。”</span></p><!--137--><!--138--><!--139--><!--140--><!--141--><!--142--></div><div class=\"_1T4GB1ESohOqTGNmwCAcuf \"><p><span class=\"bjh-p\">第二，要站稳人民立场。习近平总书记指出：“人民立场是中国共产党的根本政治立场，是马克思主义政党区别于其他政党的显著标志。”“我们党的百年历史，就是一部践行党的初心使命的历史，就是一部党与人民心连心、同呼吸、共命运的历史。”我们党领导人民打土豪、分田地，是为了人民根本利益而斗争；领导人民开展抗日战争、赶走日本侵略者，是为了人民根本利益而斗争；领导人民推翻蒋家王朝、建立新中国，是为了人民根本利益而斗争；领导人民开展社会主义革命和建设、改变一穷二白的国家面貌，是为了人民根本利益而斗争；领导人民实行改革开放、推进社会主义现代化，同样是为了人民根本利益而斗争。习近平总书记要求：“全党同志要把人民放在心中最高位置，坚持全心全意为人民服务的根本宗旨，实现好、维护好、发展好最广大人民根本利益，把人民拥护不拥护、赞成不赞成、高兴不高兴、答应不答应作为衡量一切工作得失的根本标准，使我们党始终拥有不竭的力量源泉。”</span></p><!--143--><!--144--><!--145--><!--146--><!--147--><!--148--></div><div class=\"_1T4GB1ESohOqTGNmwCAcuf \"><p><span class=\"bjh-p\">第三，要勇于攻坚克难。习近平总书记指出：“越是伟大的事业，往往越是充满艰难险阻，越是需要开拓创新。中国特色社会主义是前无古人的伟大事业，改革开放和社会主义现代化建设还有很长的路要走。”“越是接近民族复兴越不会一帆风顺，越充满风险挑战乃至惊涛骇浪。”面对复杂多变的国际形势，面对国内艰巨繁重的改革发展稳定任务，广大党员干部要敢于斗争、善于斗争，坚决顶起自己该顶的那片天，要发扬斗争精神，增强斗争本领，敢打硬仗、善打胜仗，不断打开事业新局面。</span></p><!--149--><!--150--><!--151--><!--152--><!--153--><!--154--></div><div class=\"_1T4GB1ESohOqTGNmwCAcuf \"><p><span class=\"bjh-p\">（中央党史和文献研究院院长 曲青山）</span></p><!--155--><!--156--><!--157--><!--158--><!--159--><!--160--></div><!--14--><!--161--><!--162--><div class=\"_4TUZRg-Yz-JYH2P3V5fsh\"><div class=\"_3HXq-U8Jc-Z3lJevUFjWSz\"><span>举报/反馈</span></div></div></div>', '1', '1', '2', '0');
INSERT INTO `tab_detail` VALUES ('4', '从社会主义发展史看中国特色社会主义的贡献', '南方杂志', '2021-11-17', '9', '<div class=\"l-cont\">\r\n                <!--enpcontent-->\r\n                <p>　　学史增信</p>\r\n\r\n\r\n<p>　　通过学习教育，增强历史自觉，保持战略定力，筑牢信仰之基。</p>\r\n\r\n\r\n\r\n<p align=\"center\"><img id=\"14583538\" title=\"\" style=\"WIDTH: 600px\" border=\"0\" src=\"https://asset-oss.nfzz.net.cn/__asset/5b6c87dc9c/42da1a99b1.jpeg\" align=\"center\" sourcedescription=\"编辑提供的本地文件\" sourcename=\"本地文件\"></p>\r\n\r\n\r\n<p>　　中国特色社会主义进入新时代，意味着科学社会主义在21世纪的中国焕发出强大生机活力，在中华人民共和国发展史上、中华民族发展史上，尤其在世界社会主义发展史和人类社会发展史上，都具有重大意义</p>\r\n\r\n<p>　　◎周峰（中共广东省委党校哲学部主任、教授，广东省习近平新时代中国特色社会主义思想</p>\r\n<p>　　研究中心广东社会主义社会辩证法研究会基地特约研究员）</p>\r\n<p>　　◎本文责编∕张蓓蕾</p>\r\n\r\n\r\n\r\n\r\n<p>　　“方向决定前途，道路决定命运。”中国共产党百年来的辉煌历史，正是一部把马克思主义基本原理与中国具体实际相结合，探求国家独立、民族解放和国家富强、人民幸福之路的历史，正是一部不断坚守初心、践行使命的历史。</p>\r\n<p>　　近代以来，中华民族、中国人民能够历经磨难、百折不挠，再度影响世界、昂然屹立于世界民族之林，正是在于过去100年来，坚持以科学社会主义为指导的中国共产党带领中华民族和中国人民发扬伟大的民族精神，通过新民主主义革命、社会主义革命和建设、社会主义改革开放，改变了人民生活的贫穷面目、彰显了中华民族伟大复兴梦想，建立了全新的社会主义国家。</p>\r\n<p align=\"center\"><img id=\"14583540\" title=\"\" style=\"WIDTH: 600px\" border=\"0\" src=\"https://asset-oss.nfzz.net.cn/__asset/5b6c87dc9c/1d7b53becb.jpeg\" align=\"center\" sourcedescription=\"编辑提供的本地文件\" sourcename=\"本地文件\"></p>\r\n\r\n<p><strong>　　科学社会主义实现了旧中国向现代国家的革命性转变</strong></p>\r\n<p>　　百年前，争取民族独立、人民解放和国家富强、人民幸福成为中国人民的历史任务。在多种主义交织、现代化救治方案屡屡碰壁、纷纷破产的情况下，中华民族的优秀分子以十月革命送来的马克思列宁主义为指导，组建了中国共产党。中国共产党的创立，注定是要创造人间奇迹的一个大事件。</p>\r\n<p>　　自1921年开始，中国共产党不断将马克思主义中国化时代化大众化，结合中国革命具体实际创造性地探索出一条不同于苏联社会主义的新民主主义革命道路。这条道路紧紧以最大多数的农民为中心、以工人阶级为领导、以各阶层组成的统一战线力量为依托，在中国共产党领导的武装斗争中，打败日本帝国主义，推翻国民党反动统治，建立起全新的中华人民共和国。这一历史创举，进一步验证了马克思主义和科学社会主义理论的真理性，更彻底结束了旧中国半殖民地半封建社会的历史，实现了旧中国从几千年的封建专制向人民民主的伟大飞跃，完成了中华民族从站起来、富起来到强起来的伟大飞跃。</p>\r\n<p>　　回首20世纪中叶的历史，东方的中国正是在马克思主义和科学社会主义的理论启蒙和艰辛转化中，在中国共产党的坚强领导下，带领中国人民和中华民族走出了一条改变世界历史的社会主义道路。社会主义中国的建立，不仅确立起中国发展道路的全新基础，更是重塑了中华民族在世界历史中的现代主体地位，完成了中华民族从传统民族向现代民族、半殖民地半封建主义的附属国家向独立自主的现代国家的历史性转变。</p>\r\n<p>　　正如习近平总书记在党的十九大报告中所说，符合我国先进制度的建立，“完成了中华民族有史以来最为广泛而深刻的社会变革，为当代中国一切发展进步奠定了根本政治前提和制度基础，实现了中华民族由近代不断衰落到根本扭转命运、持续走向繁荣富强的伟大飞跃”。</p>\r\n<p>　　现代中国的建立，不仅证明了科学社会主义在中国的成功，更证明了现代中国所从事的社会主义事业是正确的事业，证明了现代中国是改变和推进人类文明发展的重要力量。</p>\r\n\r\n<p><strong>　　改革开放创造性开辟了社会主义中国的新局面</strong></p>\r\n<p>　　新中国的成立，极大地充实了社会主义的国际力量，同时也引来了资本主义世界对中国的封锁和包围。但是，中国社会主义不惧封锁，一直在探索中前行，历经曲折终于走出一条属于自己的改革开放道路。</p>\r\n<p>　　1956年，生产资料私有制改造完成以后，中国社会主义曾长期模仿苏联社会主义的发展方式，实行计划经济、“一大二公”的生产方式；同时，为“赶英超美”提出了一系列不切实际的“大跃进”方案。这些生产方式的实行，并没有充分考虑当时社会生产力的实际状况，严重违背了生产力与生产关系、经济基础与上层建筑相互作用的根本原理，而后来以阶级斗争为中心的社会主要矛盾的判断失误则直接造成社会主义发展的中断。生产力的不发达和生产关系的僵化，不仅造成中国社会主义在政治、经济、社会、文化等领域的制度性匮乏，更造成现实人民生活方式和交往方式的贫困。</p>\r\n<p>　　1978年以后，面对“两个凡是”的思想禁锢，突破思维定式和苏联、东欧国家的社会主义模式，从而在根本上改变党的面貌、国家面貌，改善人民生活，实现从“以阶级斗争为纲”向以经济建设为中心的历史性转变是中国共产党面临的重大时代课题。在“实践是检验真理的唯一标准”的全国大讨论推动下，中国共产党人重新确立起解放思想、实事求是的思想路线，以改革开放为抓手走上了社会主义现代化的建设之路。</p>\r\n<p>　　所以，改革开放是中国共产党的一次伟大觉醒，正是这一伟大觉醒孕育了中国共产党从理论到实践的伟大创造。改革开放的实践，从根本上回答了“什么是社会主义，怎样建设社会主义”这一时代之问，确立起科学回答社会主义本质论的中国答案，这就是“解放生产力，发展生产力，消灭剥削，消除两极分化，最终达到共同富裕”。</p>\r\n<p>　　改革开放开辟了中国特色社会主义道路，解决了中国10多亿人口的温饱问题，使中国成长为世界第二大经济体。它不仅是中国社会主义发展方式的自我突破，也是对世界社会主义发展道路的丰富和创造。</p>\r\n\r\n<p><strong>　　新时代中国特色社会主义为世界社会主义事业带来光明前景</strong></p>\r\n<p>　　20世纪末叶以来，伴随苏东剧变，世界社会主义发展普遍陷入低谷，资本主义争相庆贺“历史的终结”。但是，历史不会终结，也不可能被终结。</p>\r\n<p>　　党的十八大以来，以习近平同志为核心的党中央，以巨大的政治勇气和强烈的责任担当，围绕新时代坚持和发展什么样的中国特色社会主义、怎样坚持和发展中国特色社会主义这一重大时代课题，统筹推进“五位一体”总体布局、协调推进“四个全面”战略布局，以新发展理念为指导，出台一系列重大制度创新举措，推动中国特色社会主义在物质文明、政治文明、精神文明、社会文明和生态文明等领域取得历史性变革和伟大成就，带领中国特色社会主义进入新时代。</p>\r\n<p>　　中国特色社会主义进入新时代，意味着久经磨难的中华民族迎来了从站起来、富起来到强起来的伟大飞跃，意味着科学社会主义在21世纪的中国焕发出强大生机活力，意味着中国特色社会主义道路、理论、制度、文化不断发展，拓展了发展中国家走向现代化的途径，它在中华人民共和国发展史上、中华民族发展史上，尤其在世界社会主义发展史和人类社会发展史上，都具有重大意义。</p>\r\n<p>　　从社会主义思想进入中国的百年发展进程来看，社会主义不仅获得了自己在实体意义上的制度建构，更使社会主义这一理论本身获得了实践层面的验证。而新冠肺炎疫情全球大流行在中国特色社会主义制度下的防控成功，脱贫攻坚历史任务的完成，全面建成小康社会目标的达及，更是在制度比较和国家价值理想的建构与实践层面，验证了社会主义比较于资本主义制度的优越性。</p>\r\n<p>　　今天，中国特色社会主义正在全面开启社会主义现代化新征程的建设。展望2035年远景目标，中国特色社会主义在现代化的道路上，一定会超越资本主义现代化的历史局限，实现自己向人的自由而全面发展这一目标的过渡。在全球化和逆全球化并进的时代，中国特色社会主义实践不仅高高举起科学社会主义大旗，而且创造性地发展了马克思主义理论，为世界马克思主义的发展和社会主义运动的开展都提供了新的极大动力。中国特色社会主义，就是科学社会主义理论逻辑和中国社会发展历史逻辑的辩证统一，是根植于中国大地，反映中国人民意愿，适应中国和时代发展进步要求的科学社会主义。</p>\r\n<p>　　艰难困苦，玉汝于成。</p>\r\n<p>　　中国特色社会主义的成功开辟，不仅仅属于中国自己，也为人类文明发展道路尤其是为世界社会主义事业的多样性实践作出着自己应有的贡献。</p>\r\n<p>　　（课题资助：2018年度国家社科基金重大项目《习近平新时代观若干重大理论问题研究》，编号：18ZDA002）</p>\r\n                <!--/enpcontent-->\r\n                <p class=\"l-editor\">网编：陈冰青</p>\r\n            </div>', '1', '0', '5', '1');
INSERT INTO `tab_detail` VALUES ('5', '陈云小故事', '党史小故事', '2021-11-13', '2', '<div><img src=\"https://n3.cmsfile.pg0.cn/group1/M00/05/D7/Cgqg2FWXzpyAILzmAAFpUJscXSs812.jpg\"/>\r\n<div>早在解放战争时期，时任东北局党组织重要领导职务的陈云，就向亲属子女提出了极为严格的“约法三章”：不准随便进出他的办公室；不准翻看、接触只供他阅读的文件、材料；不准搭乘他使用的小汽车。\r\n    对于陈云的“三不准”要求，他的亲属子女几十年如一日，一丝不苟地认真执行。\r\n    新中国成立初期，陈云的爱人于若木在中央财政经济委员会工作，上下班和陈云走的是同一路线，尽管顺路，但她一直坚持骑自行车上下班，从没有搭乘过陈云的小汽车。\r\n    他的女儿陈伟华在1977年国家恢复高考后，从农村考进北京师范大学历史系，毕业后被分配到国家人事部工作。\r\n    考虑到教学一线教师紧缺，她在陈云的鼓励下毅然放弃了国家机关的工作岗位，到北京师范大学附属实验中学当一名普通的中学教师，直至退休。陈伟华弃政从教的事迹成为当时教育界的美谈，产生了广泛的社会影响。\r\n    陈伟华忆称，“文革”期间，父亲被下放到江西，在那里待了2年7个月，“一家7口人分散于全国各地，后来姊姊曾到江西给父亲做饭，照顾他的生活10个月”。爸爸对姊姊说，“你在我这儿10个月，没有给国家干事，是为了照顾我，你不能拿国家的工资”。让姊姊把这10个月的工资全部退给了单位。</div>\r\n</div>', '0', '0', '2', '0');
INSERT INTO `tab_detail` VALUES ('6', '饿倒在粮食挑子旁的粮草官', '党史小故事', '2021-11-13', '2', '<div><img src=\"https://p6.itc.cn/q_70/images03/20210914/69c1eb598b0c4d6ebbd864b33aa36807.jpeg\">\r\n<br>一日，邓可运奉师长汤慕禹、政委陈培荫的命令，率24人的运粮队，每人挑两箩筐稻米，160多斤，徒步300多里路，运粮到正在松口作战的红二十四团。\r\n<br>运粮队头一天走了120多里路，上路时一人发的五个糠菜团子早已吃完，到晚上战士们都已饥饿难忍。于是，队长刘海门吩咐队员打来溪水，架锅生火，准备煮饭。\r\n<br>“住手！”刚查看环境归来的邓可运看到一战士抱着箩筐朝锅里倒米，他大喊道：“谁让你倒这么多的米，把锅里的米捞出一多半，做成稀饭。”说罢，他又带着战士一起去山里挖野菜。这日晚饭，大伙吃了一顿野菜稀饭。\r\n<br>吃过晚饭，邓可运将刘海门叫到一边，耐心地给他讲粮食来之不易，讲前方战士流血流汗，对粮食如何急需，讲为什么不能近水楼台先得月的道理。说得刘海门心服口服，连连点头。\r\n<br>榜样的力量是无穷的，邓可运带头以野菜充饥，不吃或少吃粮食，使得运粮队战士非常感动，也纷纷效仿。\r\n<br>第三天午后，眼看就要到达目的地松口，只听“咚”地一声有人倒地，大伙儿循声望去，只见邓可运栽倒在地，他挑着的两箩筐米撒得满地。\r\n<br>这时，贺龙军长正骑马经过，见状过来查看，一眼就认出了邓可运。贺龙接过警卫员手中的水壶，扶着邓可运喝了两口水后，问：“可运，你怎么啦？”\r\n<br>还没等邓可运张口，队长刘海门抢先答道：“贺老总，邓处长是饿的，他一路为了省粮食，自己很少吃粮食，光吃野菜。头一天上路，一人发了5个菜团子，他舍不得吃，还送给别的同志两个。第二天我们做野菜稀饭，他第一个上去先给自己盛了一碗野菜，大米粒都留给大家吃……”\r\n<br>贺龙听罢，在邓可运肩上亲切地拍了拍，说：“同志哥哟，有你这样的好同志，我们红军何愁打不垮白狗子。”\r\n</div>', '0', '0', '2', '0');
INSERT INTO `tab_detail` VALUES ('7', '作家王子君：黄克诚使我领悟“光辉”的含义 ', '搜狐新闻', '2021-11-13', '6', '<article class=\"article\" id=\"mp-editor\">\r\n    <!-- 政务处理 -->\r\n          <p data-role=\"original-title\" style=\"display:none\">原标题：作家王子君：黄克诚使我领悟“光辉”的含义</p>\r\n              <!--                          -->\r\n            <p class=\"ql-align-justify\">当我把他放在整个革命时代背景里的时候，我看到一个群星灿烂、伟人辈出的时代。他以不媚上、不欺下、不跟风的个性和始终保持独立思考、不盲从、不苟同，敢于直言、坚持真理的品格形成独有的魅力。</p> \r\n<p class=\"ql-align-center\"><img src=\"//5b0988e595225.cdn.sohucs.com/images/20190817/63a10690b3d44712921d22a3f98b102b.jpeg\" max-width=\"600\"></p> \r\n<p class=\"ql-align-center\">图为1981年黄克诚在玉泉山</p> \r\n<p class=\"ql-align-center\"><img src=\"//5b0988e595225.cdn.sohucs.com/images/20190817/1febfbc5505945afa0dc0373a6ece1fe.jpeg\" max-width=\"600\"></p> \r\n<p class=\"ql-align-justify\">王子君，作家、编剧，中国文字著作权协会文学总监、中国作家协会会员、中国散文学会理事，曾任人民日报《时代潮》杂志社编辑部主任、中央纪委中国方正出版社影视部主任助理等职。已出版散文集、长篇小说等作品15部。</p> \r\n<h1>缘起电视剧剧本《一代楷模黄克诚》</h1> \r\n<p class=\"ql-align-justify\">《黄克诚在中央纪委》一书近日由人民出版社出版，很多朋友问我，你为什么要写黄克诚？</p> \r\n<p class=\"ql-align-justify\">为什么？事情得从头说起。</p> \r\n<p class=\"ql-align-justify\">大约是2013年盛夏时节，有乡友请我给电视剧《一代楷模黄克诚》剧本大纲提意见，他是这部剧的制片人。黄克诚是湖南人，又是湖南的首任省委书记。他在任湖南省委书记期间，根绝了湘西百年匪患的事，在湖南有口皆碑。作为湖南人，我对黄老也略有了解，所以毫不犹豫地答应了。于是，便结识了《黄克诚传》编委会主任、中将谭乃达（国防大学原副政委），编委会办公室主任马长志（国防大学第二编研室原主任），两大主笔李柱江（总参办公厅编研室原主任）、刘建皋（国防大学第二编研室原副军级教授）。他们每一个人都有一份精彩纷呈的履历，令我肃然起敬。编委会2004年成立，办公室设在国防大学二号院，是一个陈旧不堪的平房，办公室内堆满了各种各样的印刷品，显得局促拥挤，但他们表现出的对黄老的热情深深地感染了我。尽管那时我还不明白他们的热情从何而来，但他们从历史、现实、将来的角度，将宣传黄老和全面从严治党、正风肃纪形势紧密相联，俨然给我上了一堂生动的、深刻的，有高度、广度、深度的思政课。其时我已在中央纪委下属出版社工作一年多，正在梳理、学习中央纪委的历史，遂提出了可以拍一部《黄克诚在中央纪委》的电影。他们认为这个想法不错，建议我先拿出大纲。</p> \r\n<p class=\"ql-align-justify\">我以最快速度完成了电影大纲。</p> \r\n<p class=\"ql-align-justify\">讨论电影大纲的时候，谭乃达、马长志、李柱江、刘建皋等长辈们表现出的热情再次让我震撼。他们年纪都是奔八十的人了，且都有这样那样的健康问题，本可以潇潇洒洒地颐养天年，却将研究黄老、宣传黄老当成一份事业，这是为什么？黄老什么样的人格魅力在吸引他们呕心沥血扑在这些事情上？真如谭乃达他们所说，每一个研究黄老的人，都会被感动、震撼、洗礼，从而从心底里崇敬他、宣传他？</p> \r\n<p class=\"ql-align-justify\">拍电影的事最终搁置，但我却意外地被交付电视剧《一代楷模黄克诚》编剧的重担。尽管我有过放下一切事务潜心几年创作《老子大传》的经历，但我仍然不曾想过，有朝一日我会触碰黄克诚这样一个题材，而且，我竟然没有丝毫质疑就扛起了编剧的重任。我觉得这份重担，对我是挑战，也是机遇。</p> \r\n<h1>黄克诚历经劫难而初心不渝</h1> \r\n<p class=\"ql-align-justify\">要创作剧本，就必须对黄老进行系统、深入的研究。</p> \r\n<p class=\"ql-align-justify\">最初，我以倾听为主。编委会成员们给我讲，我录音做笔记。《黄克诚传》编写组用8年时间，辗转各地调研，收集了2000多份史料，采访了百余人次，文字资料达几千万字，他们讲述的只是其中最核心最精华部分。黄老一生跌宕起伏，然而，从加入中国共产党的那一刻起，他对党的一片初心就从未改变过。他历经曲折坎坷，却始终坚持革命的理想信念，为真理敢做敢言；他从不患得患失，胸怀坦荡，顾全大局；为了党的利益，不惜牺牲个人利益，且无怨无悔。1986年他逝世后，悼词称他“堪称共产党人的楷模”……我听得入迷，但同时心中也有了一个疑问：是什么样的动力让黄老历经劫难而初心不渝？</p> \r\n<p class=\"ql-align-justify\">带着问题，我开始大量阅读。在通读了编委会提供的所有关于黄老的书籍与尚未成书的资料后，我“掌握”到已经经过考证的海量的“第一手”材料。</p> \r\n<p class=\"ql-align-justify\">光资料远远不够，我必须深入分析。尽管对黄老的一生有了比较系统的了解，但要写黄老，不仅是写他个人，还要写出他个人经历背后的故事，那是中国共产党的历史，中国人民解放军的历史，是他所处的时代。当我把黄老放在整个革命时代背景里的时候，我看到一个群星灿烂、伟人辈出的时代。黄老以不媚上、不欺下、不跟风的个性和始终保持独立思考、不盲从、不苟同，敢于直言、坚持真理的品格形成独有的魅力。</p> \r\n<p class=\"ql-align-justify\">在创作中，我不停地追根究底。因为时间不允许我去黄老生前曾战斗、生活、工作过的地方进行采访，我必须以十倍、百倍的钻研精神研读现有的资料，从蛛丝马迹中发掘新的有价值的线索，并追寻线索的来龙去脉。寻查一切可以寻查到的资料，还原历史的细节，反映体现黄老和他的朋友、搭档们人性光辉的细节，使我越来越兴奋、越来越着迷。在创作过程中，黄老的形象日益丰满：他是一个初心不渝的人；一个善于独立思考的人；一个富有军事谋略的人；一个敢讲真话、敢于坚持真理的人；一个政治智慧超群的人；一个顾全大局的人；一个热爱学习的人；一个廉洁自律的人；一个勤政爱民的人；一个实事求是的人……是这些，构成了他独特的人格魅力。随着研究的深入，我当初的机遇感转化为一种深沉的责任感、使命感。</p> \r\n<p class=\"ql-align-justify\">2017年，我完成了《一代楷模黄克诚》剧本创作和纪实文学《黄克诚在新中国》。就在这时，人民出版社策划在中央纪委恢复重建四十周年之际推出《黄克诚在中央纪委》，特约我组稿。</p> \r\n<p class=\"ql-align-justify\">黄克诚在中央纪委的内容，在我已查阅的资料中并不多，远远不能支撑起这本书的重量。于是，我不得不使出更大的干劲，专就黄老在中央纪委时期进行新一轮倾听讲述、查阅资料、采访、追根究底等创作前准备工作。我的收获是巨大的。有一次，编委会带我去看望病中的黄老在中央纪委时的秘书李振墀，李振墀拿出几张照片给我们看。其中有一张黄老和李振墀一家吃火锅的照片引起了我的注意。经仔仔细细的采访，我了解到黄老那年大年初二请他们一家吃火锅的事。餐桌上，黄老得知他们头一天也是吃的火锅，便立即自责没有让工作人员做好调研工作。要是事先问一下，就用不着头一天他们吃了火锅，第二天再请他们吃火锅。由此，他谈了调研的重要性，告诫李振墀遇事一定要多多调研，凡事讲求实事求是。一件小事上升到党的工作方法的高度，这件事多么生动，既体现了黄老平易近人的为人，又证明他讲求实事求是、自我批评的作风，令黄老的形象十分生动。</p> \r\n<p class=\"ql-align-justify\">从创作《黄克诚在中央纪委》电影大纲到纪实文学《黄克诚在中央纪委》出版，已是6年时光。6年，我所有关于黄老的文字，都是凝聚了众多长者、导师、文友、朋友的心血之果，没有他们，这一切就无从谈起。谭乃达高屋建瓴的见解与指导让我视野开阔，立意高远；马长志总是不厌其烦地为我找寻、拷贝到有价值的资料，想方设法联系并安排妥一切与采访相关的事务；李柱江为我一字一句地核实、修正作品中的史料，避免硬伤；刘建皋看到任何有关黄老的新资料都会第一时间提供给我，以形成有力的参考。编委会的师长们对我无私的指导与支持时常让我在畏难的时候感动不已，又信心十足地迎难而上。他们在长期的研究工作中，已经得到了很多黄老的真传。他们的使命担当情怀，日月天地可鉴。黄老在中央纪委召开的第二次全体会议上作长篇讲话谈到培养年轻人时曾说，像我这样，眼睛连面前的杯子也看不见了，不知道哪天就会“翘辫子”了，如果不及时选拔年轻干部上来，怎么行哩？谭乃达他们常说：“我们说不定哪一天就‘蹬腿’了，我们不图名不图利，只图黄老的精神能影响更多人！”</p> \r\n<h1>党内夸刚正，人推黄克诚</h1> \r\n<p class=\"ql-align-justify\">一次我去参加讨论，比预计的时间早到了半个小时，谭乃达正在院子里散步。他那一阵刚做了一个小手术，走起路来不太利索，但一刻也没放下黄老的事。我半开玩笑地问他：“《黄克诚传》出版后，您和马主任、李主任、刘教授，完全可以休养生息了，为什么还想着搞电视剧？还天天为黄老的事奔来忙去？”谭乃达严肃地回答：“因为我们都年事已高，时间紧迫，才更要抓紧一切机会和时间把黄老的事迹宣传出去。黄老是共产党人的楷模，作为一个共产党人，宣传、推广黄老义不容辞。我们党太需要黄老这样的人了！”我又问：“如果只说一条，黄老最打动您的是什么？”谭乃达说：“敢说真话，敢于坚持真理。黄老认为，‘党的高级领导干部在领导面前一定要说实话、说真话。如果我有观点不表达，那是我的失职。’但是，有时候，说真话需要极大的勇气。黄老从不考虑自己，只想着怎样有利于党、有利于国家、有利于人民。如果我们每一个高级领导干部、党员领导干部都有这种情怀和担当，我们就必定深得党心民心。”</p> \r\n<p class=\"ql-align-justify\">谭乃达说到最后哽咽了。我望着他，深深感受到黄老精神的影响力。事实上，我见到的每一个对黄老有所了解的人，对黄老的高贵品格都由衷地敬仰。在一次会议上我遇到一位少将，他听说我研究黄老，很郑重地向我行了个军礼，说：“黄老这个人太了不起了！”正是无数人对黄老众口一词的赞誉，让我越来越感到自己所做的事非常有价值。</p> \r\n<p class=\"ql-align-justify\">黄老的家风更值得称颂。黄老教育子女最多的一句话是：你们好好读书，将来好为国家服务。他有两条家规，一是不准动用公家的汽车办私事，二是不准向公家伸手要照顾。这样的家规可不是摆设，全家老少一直遵守，从未逾矩。黄楠是黄老的长女，可直到15岁她才知道父亲是个“大官”，那还是1958年，同学在报纸上看到黄老以总参谋长身份接见外宾的新闻时告诉她的。黄老的四个子女，一门心思读书，都以自己的努力成就事业，没有一个经商，没有一个从政，在外人看来，未免有些“迂腐”与“可惜”，但正因如此，黄老才顶天立地。</p> \r\n<p class=\"ql-align-justify\">随着对黄老不断加深的认知与感受，我在创作中也不再是简单叙事，而是试图给人物注入更多“魂”的内涵。因为黄老已在我心中耸立起一座英雄丰碑。黄老使我领悟到了“光辉”一词的真正含义。光辉，它照亮道路，它辉映事物，它永恒发光。黄老在回顾自己的入党经历时曾这样写道：“我的这个决心不是轻易下定的，而是认真、郑重的，经过长期考虑的，因而是不可动摇的。”黄老的初心从来没有动摇过、改变过。这几年我们一再提到的“初心”二字，是共产党人的初心，也是老一辈无产阶级革命家不断坚守和践行的初心。我也深深认识到，唯有信念坚定、敢于坚持真理、清廉公正，才能成就伟大的人格。“党内夸刚正，人推黄克诚。”黄老在历史的转折关头，抛开个人得失荣辱，以超人的勇气担当历史责任，其人格魅力令我折服、钦敬、崇仰。历史因为有这样的党员干部存在，才值得敬畏。我坚信黄老这样的人物，将在历史的星空中闪闪发光。（王子君）</p> \r\n</article>', '0', '0', '2', '0');
INSERT INTO `tab_detail` VALUES ('8', '刘伯承元帅的翻译生涯', '搜狐新闻', '2021-11-13', '2', '<article class=\"article\" id=\"mp-editor\">\r\n    <!-- 政务处理 -->\r\n          <p data-role=\"original-title\" style=\"display:none\">原标题：刘伯承元帅的翻译生涯</p>\r\n              <!--                                          -->\r\n            <p><span style=\"font-size: 16px;\"><strong>编者按：</strong>刘伯承元帅在翻译方面，特别是军事学术翻译以及培养翻译人才方面的重要见解与贡献，很少为人所知。早在上世纪30年代初，他就开始从事翻译工作了。在紧张的战争环境里，他译校了许多国外军事著作，很多词条是刘伯承首译并沿用至今的。如“游击战”一词，就是刘伯承根据游击战的定义——高机动性的作战和突然的进攻，将两方面的含义结合起来，又依据《史记·李广传》的一句话“李广擅游击”，取“游击”二字，创造出“游击战”一词。</span></p> \r\n<p style=\"text-align: center;\"><img src=\"http://5b0988e595225.cdn.sohucs.com/images/20181229/640ae41865a6419fb31333cc4c1b10f2.jpeg\"></p> \r\n<p style=\"text-align: center;\"><strong>戎马倥偬中坚持翻译工作</strong></p> \r\n<p><img src=\"http://5b0988e595225.cdn.sohucs.com/images/20181229/9f6891587eb74b2b913dc3c935b3e081.jpeg\"></p> \r\n<p><span style=\"font-size: 16px;\">1930年4日，从苏联秘密回国的刘伯承和左权等人抵达上海。中共中央决定安排他担任军委编译科长，专门从事军事翻译工作，为军委训练班和各地红色武装提供军事教材。</span></p> \r\n<p><span style=\"font-size: 16px;\">刘伯承化名林直木，在上海愚园路一幢二层楼房里，于1930年至1931年间，主持翻译了《苏军步兵战斗条令》，校译了《苏军政治工作条例》和《游击队怎样动作》等。这些宝贵的军事教材被迅速送往各苏区，并有力促进了中国工农红军的基础建设。</span></p> \r\n<p><span style=\"font-size: 16px;\">1932年他奉命前往中央苏区担任红军学校校长兼政委，主持军事教育和军事翻译工作，后又调任红军总参谋长。1932年8月，刘伯承和左权等翻译了苏联红军的《军语解释》，这是我军第一部译自外国军队的军语专著。1932年11月，针对部分红军指战员在山地作战中不讲战术的现象，刘伯承在前线翻译出《苏联山地战斗》一文，供中央红军第四次反围剿作战时参考。</span></p> \r\n<p><span style=\"font-size: 16px;\">1933年6月，刘伯承从苏联红军《战术备考》中摘译出《骑兵的奔袭和抄袭》一文，供红军各部队指挥员研究，以提高红军骑兵的战术水平；10月，他在前线摘译苏联红军教材《退出战斗》，把“撤退也是一种作战样式”的观点介绍给红军指挥员，纠正红军中存在的忽视撤退动作、不会按作战要求部署撤退的现象；11月，他翻译发表苏联红军理论文章《战术，战役，战略在理论上的范畴》，使红军干部明白了这三者各自研究的对象及其对战争各层次的指导意义。</span></p> \r\n<p><span style=\"font-size: 16px;\">1934年5月，为给教练步兵分队作示范，刘伯承翻译出德国人李璞满的著作《班的战斗集团的教练》一书中关于“夜间动作的两个作业”，介绍了夜间反冲锋的作业和夜间进攻作业两种战术样式，明确解答了红军第一步兵学校对部队夜间动作的疑问；在反围剿作战和长征行动中，他一直珍藏着长达300余页的《苏联红军司令部野外勤务教令》，并于1933年至1935年8、9月间，陆续翻译完成这部教令，供红军部队使用。</span></p> \r\n<p><span style=\"font-size: 16px;\">当时，针对我军主要沿用旧军队军语的情况，刘伯承还对旧军队军语进行了改造。为纠正旧军队遗留在红军中的不平等称呼，刘伯承为各种各样的人规定了新称呼：把军官改叫指挥员，士兵改叫战斗员，传令兵改叫通信员，伙夫改叫炊事员，马夫改叫饲养员，挑夫改叫运输员……这些称呼直到今天仍然在沿用。</span></p> \r\n<p><span style=\"font-size: 16px;\">坚持从军事斗争的需要出发，是刘伯承军事翻译的最大特色。刘伯承的翻译选题都是当时战争中最紧迫的问题。在抗日战争时期，他组织翻译和校对了《苏军步兵战斗条令》、《军队指挥法》、《合同战术(上部、下部)》，以及日军的《阵中要务令》、《刺杀教令》等。在翻译过程中，刘伯承不但注重从实际出发确定翻译选题，注意引导读者联系实际正确理解和借鉴译文。</span></p> \r\n<p><span style=\"font-size: 16px;\">1938年12月，苏联红军颁布了新的《步兵战斗条令(第一部)》，为吸取苏联红军最新的作战经验，战胜日本侵略者，刘伯承与左权合作翻译了这部条令，他还紧密结合八路军建设和作战的实际，精心撰写“前言”“后记”“附言”，引导八路军军干部从我军作战的实际出发，灵活地运用这些条令。1941年八路军总部送来一部《合同战术》的译稿请刘伯承校订。这本《合同战术》，是苏联施米尔乐夫根据苏联1929年颁布的《野战条令》的著述，于1935年在莫斯科出版的。一年后这部译著校订好并复印，刘伯承在评序中写道：“这本书在校正中经过三次反扫荡的作战。”在解放战争时期，他“稍有空隙立即开始校译”，重新校译了《合同战术(上部)》，翻译和编译了《论苏军合围钳形攻势》、《论苏军对筑城地带的突破》等著作。</span></p> \r\n<p style=\"text-align: center;\"><span><strong><span style=\"font-size: 16px;\">从翻译原则的确定到具体教材译稿的审改，无不浸透着他的心血</span></strong></span></p> \r\n<p style=\"text-align: center;\"><img src=\"http://5b0988e595225.cdn.sohucs.com/images/20181229/9a417009d99148c48bd16bbc83bbe83d.jpeg\"></p> \r\n<p><span style=\"font-size: 16px;\">中华人民共和国成立后，中国人民解放军军事学院在南京成立，刘伯承任院长兼政治委员。</span></p> \r\n<p><span style=\"font-size: 16px;\">该院成立仅仅3个多月，刘伯承就批准有关部门将翻译外军军事理论著作中有待统一译名的军语，以及军事理论研究和军事法规编写中有待规范的军语分期编印成《军语通报》，从1951年4月30日起，印发军事学院各系、各教研室征求意见。</span></p> \r\n<p><span style=\"font-size: 16px;\">在军事学院组织编制我军规范军语的同时，中央人民政府人民革命军事委员会军训部军事出版局也同时展开了这项工作，并请刘伯承担任编审委员会主任。1951年9月，在刘伯承指导下，该局编印了《军语汇编（初稿）》。该书分陆军、海军、空军3编，收录军语词目约4650条，书后附录了常用各种度量衡一览表。1955年2月7日，刘伯承针对《军语汇编（初稿）》存在的问题，复函军委训练部总监部，谈了对规范军语和军队标号的意见。</span></p> \r\n<p><span style=\"font-size: 16px;\">在刘伯承的组织下，军事学院于1956年12月编辑出版了《军语画一（初稿）》。后来大多数被正式确定为解放军军语，为军事教育事业作出了不朽的贡献。</span></p> \r\n<p><span style=\"font-size: 16px;\">刘伯承翻译、校译和编译了众多的外国先进军事理论成果，从翻译原则的确定，到具体教材译稿的审改，无不浸透着他的心血。刘伯承对军事译文的要求十分严谨，无论是翻译还是校译，他总是力求精当、准确，每一篇译稿都要用放大镜仔细照看许多遍，一字一句反复推敲,斟酌再三。</span></p> \r\n<p><span style=\"font-size: 16px;\">1953年夏天，他利用到大连休假的机会重新校译了《苏联红军野战条令(草案)》。这本条令军训部已经翻译出版，并依据条令的内容编写了教材用于教学。但刘伯承对校译稿不够满意，他说：“条令是军事学院最基本的教材，非常重要，一定要翻译得十分准确，不能有含糊其辞的地方，不能有丝毫差错。”在工作非常繁忙的情况下，他仍然亲自校译，并翻译了《柏林战役与希特勒德国投降》等书。</span></p> \r\n<p><span style=\"font-size: 16px;\">这一年，他已经61岁了，仅有的一只好眼睛又患上了青光眼，但他仍拿着放大镜逐段逐句推敲修改，20多万字的译稿他修改了三遍。在他严格要求和精心组织下，付印的条令做到了不错一个字、不错一个标点符号。</span></p> \r\n<p><span style=\"font-size: 16px;\"><strong>殚精竭虑培育军事翻译人才</strong></span></p> \r\n<p style=\"text-align: center;\"><img src=\"http://5b0988e595225.cdn.sohucs.com/images/20181229/ec70dd6b3bfe49c39d30f7e97e07495f.jpeg\"></p> \r\n<p><span style=\"font-size: 16px;\">刘伯承在主持军院工作近7年中，不仅亲自领导了学院的教材编译工作，还非常重视军事翻译人才的挑选和培养，辛勤培育了新中国第一批军事翻译人才。他提出做军事翻译必须具备三个条件，即不但要外文好，还要中文好，并懂得较多的军事知识。为引导和勉励年轻的军事翻译工作者，刘伯承专门为他们写下：“军事科学的翻译，在经验上，在理论上，必须有军事基本知识，才能钻研军事科学的本质；在俄文修养上，必须有发掘军事科学本质的能力；在中文修养上，必须有表达军事科学本质的能力。”除此之外，他还要求他们要一丝不苟，贴近读者，具有民族特色。</span></p> \r\n<p><span style=\"font-size: 16px;\">刘伯承经常把翻译工作称为军事学术研究的“水龙头”，他时常对翻译人员说：“常言道：他山之石，可以攻玉，你们的工作就是取他山之石，其目的就是学习借鉴外国先进的军事科学技术和作战经验，提高我军的军事理论水平，提高我军在现代化战争中的作战能力。”</span></p> \r\n<p><span style=\"font-size: 16px;\">刘伯承精通俄文，尽管工作繁忙，仍然利用休息时间钻研外文，长期养成早晨朗读外语的习惯。在他的影响下，担任翻译工作的同志自觉地苦练基本功，每天起床后都到校园里朗读外语，渐渐形成了一种早读制度。</span></p> \r\n<p><span style=\"font-size: 16px;\">为了请来专业的、高水平的翻译人员，他曾经专门到国务院登门求贤，并给周恩来写信，申请聘请和特招翻译业务骨干到军事学院工作。对于军事翻译人员，他经常教导他们说：“一字之差，会死人！”他自己更是身体力行、一丝不苟，无论是翻译还是校译，他总是务求精当、准确，经过他手的译文都具有很高的军事艺术价值，也具有相当的权威性。</span></p> \r\n</article>', '0', '0', '2', '0');
INSERT INTO `tab_detail` VALUES ('9', '朱德的扁担', '党史小故事', '2021-11-13', '1', '<div><img\r\n		src=\"http://5b0988e595225.cdn.sohucs.com/images/20190706/ce829630a3054531a1f01a0938a7dc4a.jpeg\"><br>1928年，朱德同志带领一支红军队伍到井冈山跟毛主席会师，山上是红军，山下不远就是敌人。<br>井冈山上出产粮食不多，常常要抽出一些人到山下的茅坪去挑粮，从井冈山上到茅坪,来回有五六十里，山高路陡，非常难走，可是每次挑粮大家都争着去。<br>朱德同志也跟战士们一块儿去挑粮，他穿着草鞋，戴着斗笠，挑起满满的一担粮食，跟大家一块儿爬山，白天挑粮，晚上还常常整夜整夜地研究怎样跟敌人打仗，大家看了心疼，就把他那根扁担藏了起来，不料朱德同志又找来了一根扁担，写上“朱德扁担不准乱拿”八个大字，大家见了，越发敬爱朱德同志，不好意思再藏他的扁担了。\r\n</div>\r\n', '0', '0', '2', '0');
INSERT INTO `tab_detail` VALUES ('10', '抠门的方志敏', '党史小故事', '2021-11-13', '0', '<div><img src=\"http://5b0988e595225.cdn.sohucs.com/images/20181005/ec3df69b6906487fa606bb3baba65818.jpeg\"><br>土地革命时期，方志敏曾是模范根据地的创建者。作为根据地最高首长，他规定，从自己开始，所有干部一律减衣缩食，每天只有四分钱菜金。<br>有一次，他的妻子要做演出服，便从红军在白区缴获来的物品中要了一块绒布。方志敏知道后，马上把妻子批评了一顿，并要求她立即送回。<br>方志敏也有不“抠门”的时候。那时，部队向外购买一支枪，要花50块银元“天价”。买一批枪，花掉的钱堪称巨资，他一点不含糊，果断批准。</div>', '0', '0', '2', '0');
INSERT INTO `tab_detail` VALUES ('11', '彭德怀小故事', '党史小故事', '2021-11-13', '1', '<div><img src=\"http://www.people.com.cn/mediafile/pic/20140811/25/1218927844142442209.jpg\"/><br>1949年10月1日，彭德怀在张治中、陶峙岳等人的陪同下，来到新疆首府迪化(今乌鲁木齐)市。彭德怀走着走着，忽然在沸腾的人流里发现自己的画像，浓黑的眉毛顿时拧了起来。他一个箭步冲过去，挡住了那几个抬着画像游行的人。抬画像的群众一下子没认出彭德怀，诧异地问：“你要干什么?!”彭德怀指了指他们抬着的画像，说：“这个人模样太难看，你们就不要举着他过街了!”抬画像的人一怔，还没等他们反应过来，彭德怀竟伸手一把扯掉了画框上的 画像。<br>抬画像的人气愤至极，一把揪住彭德怀，大声叫道：“你知道我们抬的是谁吗?这是第一野战军司令员、常胜将军彭德怀!”几个民兵见状也围拢过来，指着彭德怀：“快!把这个坏人抓起来!”彭德怀不由得笑了：“同志们，同胞们，我就是彭德怀，就是这个画像上的人!”大伙面面相觑，不知所措。彭德怀接着说：“你们不用害怕，我只是想给你们提一点要求，以后不要抬着我的画框子来回走了，你们要举，就举毛主席、朱总司令的画像，举象征革命的红旗!”众人闻言，热烈鼓掌。<br></div>', '0', '0', '2', '0');
INSERT INTO `tab_detail` VALUES ('12', '赏名曲·学新中国史｜看完《长津湖》再听此曲，心潮澎湃！', '中国青年报', '2021-11-17', '3', '<div class=\"text-parser_wrap__11Rrt text-parser_theme-news__3ZLdW\">\r\n	<div class=\"undefined text-parser_p__2YRXL text-parser_pRevision__7xk0m\">主播君的话</div>\r\n	<div class=\"undefined text-parser_p__2YRXL text-parser_pRevision__7xk0m\">\r\n		《英雄赞歌》是电影《英雄儿女》的插曲，发行于1964年，是一首礼赞以王成为代表的千千万万个革命英雄的颂歌。</div>\r\n	<div class=\"undefined text-parser_p__2YRXL text-parser_pRevision__7xk0m\">\r\n		《英雄赞歌》是由公木作词，刘炽作曲，歌曲表达了中国抗美援朝时期，志愿军战士阵亡后，妹妹对哥哥的思念和崇拜。</div>\r\n	<div class=\"undefined text-parser_p__2YRXL text-parser_pRevision__7xk0m\">\r\n		1950年6月25日，朝鲜内战爆发。美国立即进行武装干涉，同时命令其海军第七舰队侵入台湾海峡，声称“阻止对台湾的任何进攻”，公然干涉中国内政，阻挠中国的统一大业。美国还操纵联合国安理会通过决议，组成以美国为首的16个国家参加的所谓“联合国军”，扩大侵朝战争。\r\n	</div>\r\n	<div class=\"undefined text-parser_p__2YRXL text-parser_pRevision__7xk0m\">\r\n		<div>\r\n			<div><img class=\"text-parser_img__1MPXz\" src=\"http://inews.gtimg.com/newsapp_bt/0/14161971437/641\" alt=\"图片\">\r\n			</div>\r\n			<div class=\"text-parser_imgDesc__2QD51\"></div>\r\n		</div>\r\n	</div>\r\n	<div class=\"undefined text-parser_p__2YRXL text-parser_pRevision__7xk0m\">\r\n		9月15日，以美国为首的“联合国军”从仁川登陆，很快越过“三八线”，直逼中朝边境的鸭绿江和图们江，威胁新中国的国家安全。在此危急关头，中共中央应朝鲜党和政府的两次请求，作出了“抗美援朝、保家卫国”的战略决策，组成中国人民志愿军，跨过鸭绿江进入朝鲜境内，10月25日首战告捷。\r\n	</div>\r\n	<div class=\"undefined text-parser_p__2YRXL text-parser_pRevision__7xk0m\">\r\n		<div>\r\n			<div><img class=\"text-parser_img__1MPXz\" src=\"http://inews.gtimg.com/newsapp_bt/0/14161971438/641\" alt=\"图片\">\r\n			</div>\r\n			<div class=\"text-parser_imgDesc__2QD51\"></div>\r\n		</div>\r\n	</div>\r\n	<div class=\"undefined text-parser_p__2YRXL text-parser_pRevision__7xk0m\">\r\n		到1951年6月10日止，志愿军共歼敌23万人，把战线稳定在“三八线”附近。从1951年7月开始，战争双方举行停战谈判，经过战场上的反复较量和谈判桌上的斗争，1953年7月27日，双方签署了停战协定。</div>\r\n	<div class=\"undefined text-parser_p__2YRXL text-parser_pRevision__7xk0m\">\r\n		<div>\r\n			<div><img class=\"text-parser_img__1MPXz\" src=\"http://inews.gtimg.com/newsapp_bt/0/14161971439/641\" alt=\"图片\">\r\n			</div>\r\n			<div class=\"text-parser_imgDesc__2QD51\"></div>\r\n		</div>\r\n	</div>\r\n	<div class=\"undefined text-parser_p__2YRXL text-parser_pRevision__7xk0m\">\r\n		抗美援朝战争的胜利具有深远的影响。中国人民在经济实力和军事实力与美国相差悬殊的条件下，赢得了这场战争的胜利，从而打破了美军不可战胜的神话。这场现代化条件下的局部战争，也促进了人民解放军的现代化建设。抗美援朝战争的胜利还极大地提高了中国的国际地位，提升了中国在处理亚洲和国际事务中的分量。\r\n	</div>\r\n	<div class=\"undefined text-parser_p__2YRXL text-parser_pRevision__7xk0m\">来源：中国青年报客户端</div>\r\n</div>\r\n', '0', '0', '3', '0');
INSERT INTO `tab_detail` VALUES ('13', '行走的思政课（一）周永超校长讲述新中国史', '定州市开元学校', '2021-11-17', '1', '<div class=\"page js-page on n-platform-android\">\r\n	<div class=\"photo\">\r\n		<a\r\n			href=\"//nimg.ws.126.net/?url=http%3A%2F%2Fdingyue.ws.126.net%2F2021%2F1113%2F82c1f49bj00r2ik0c000hd200o00079g00o00079.jpg&amp;thumbnail=750x2147483647&amp;quality=85&amp;type=jpg\">\r\n			<img alt=\"\"\r\n				src=\"//nimg.ws.126.net/?url=http%3A%2F%2Fdingyue.ws.126.net%2F2021%2F1113%2F82c1f49bj00r2ik0c000hd200o00079g00o00079.jpg&amp;thumbnail=750x2147483647&amp;quality=85&amp;type=jpg?imageView&amp;thumbnail=750x0&amp;quality=85&amp;type=jpg&amp;interlace=1\">\r\n			<span></span>\r\n		</a>\r\n	</div>\r\n	<p id=\"0DMM6THS\"><strong>行走的<a\r\n				href=\"https://news.163.com/news/search?keyword=%E6%80%9D%E6%94%BF%E8%AF%BE\">思政课</a>（一）</strong></p>\r\n	<p id=\"0DMM6THV\"><strong><a\r\n				href=\"https://news.163.com/news/search?keyword=%E5%91%A8%E6%B0%B8%E8%B6%85\">周永超</a>校长讲述新<a\r\n				href=\"https://news.163.com/news/search?keyword=%E4%B8%AD%E5%9B%BD%E5%8F%B2\">中国史</a></strong></p>\r\n	<div class=\"photo\">\r\n		<a\r\n			href=\"//nimg.ws.126.net/?url=http%3A%2F%2Fdingyue.ws.126.net%2F2021%2F1113%2Ffd966aabj00r2ik0d002gd200u000k0g00u000k0.jpg&amp;thumbnail=750x2147483647&amp;quality=85&amp;type=jpg\">\r\n			<img alt=\"\"\r\n				src=\"//nimg.ws.126.net/?url=http%3A%2F%2Fdingyue.ws.126.net%2F2021%2F1113%2Ffd966aabj00r2ik0d002gd200u000k0g00u000k0.jpg&amp;thumbnail=750x2147483647&amp;quality=85&amp;type=jpg?imageView&amp;thumbnail=750x0&amp;quality=85&amp;type=jpg&amp;interlace=1\">\r\n			<span></span>\r\n		</a>\r\n	</div>\r\n	\r\n	<p id=\"0DMM6TI8\">回望我们党走过的百年征程，正是无数共产党人以必胜的信心、坚定的信仰、豪迈的气概撑起了百年大党的铮铮脊梁，铺下了民族复兴之路的块块基石，才逐渐形成了中国共产党的精神谱系。</p>\r\n	<div class=\"photo\">\r\n		<a\r\n			href=\"//nimg.ws.126.net/?url=http%3A%2F%2Fdingyue.ws.126.net%2F2021%2F1113%2Ff19f747dj00r2ik0d000cd2008000a0g008000a0.jpg&amp;thumbnail=750x2147483647&amp;quality=85&amp;type=jpg\">\r\n			<img alt=\"\"\r\n				src=\"//nimg.ws.126.net/?url=http%3A%2F%2Fdingyue.ws.126.net%2F2021%2F1113%2Ff19f747dj00r2ik0d000cd2008000a0g008000a0.jpg&amp;thumbnail=750x2147483647&amp;quality=85&amp;type=jpg?imageView&amp;thumbnail=750x0&amp;quality=85&amp;type=jpg&amp;interlace=1\">\r\n			<span></span>\r\n		</a>\r\n	</div>\r\n	<div class=\"photo\">\r\n		<a\r\n			href=\"//nimg.ws.126.net/?url=http%3A%2F%2Fdingyue.ws.126.net%2F2021%2F1113%2Fc53543fbj00r2ik0d0008d2008w005kg008w005k.jpg&amp;thumbnail=750x2147483647&amp;quality=85&amp;type=jpg\">\r\n			<img alt=\"\"\r\n				src=\"//nimg.ws.126.net/?url=http%3A%2F%2Fdingyue.ws.126.net%2F2021%2F1113%2Fc53543fbj00r2ik0d0008d2008w005kg008w005k.jpg&amp;thumbnail=750x2147483647&amp;quality=85&amp;type=jpg?imageView&amp;thumbnail=750x0&amp;quality=85&amp;type=jpg&amp;interlace=1\">\r\n			<span></span>\r\n		</a>\r\n	</div>\r\n	<div class=\"photo\">\r\n		<a\r\n			href=\"//nimg.ws.126.net/?url=http%3A%2F%2Fdingyue.ws.126.net%2F2021%2F1113%2Fb0b368f0j00r2ik0e0006d20097004ag0097004a.jpg&amp;thumbnail=750x2147483647&amp;quality=85&amp;type=jpg\">\r\n			<img alt=\"\"\r\n				src=\"//nimg.ws.126.net/?url=http%3A%2F%2Fdingyue.ws.126.net%2F2021%2F1113%2Fb0b368f0j00r2ik0e0006d20097004ag0097004a.jpg&amp;thumbnail=750x2147483647&amp;quality=85&amp;type=jpg?imageView&amp;thumbnail=750x0&amp;quality=85&amp;type=jpg&amp;interlace=1\">\r\n			<span></span>\r\n		</a>\r\n	</div>\r\n	<div class=\"photo\">\r\n		<a\r\n			href=\"//nimg.ws.126.net/?url=http%3A%2F%2Fdingyue.ws.126.net%2F2021%2F1113%2F59e6474aj00r2ik0e0006d2006k0051g006k0051.jpg&amp;thumbnail=750x2147483647&amp;quality=85&amp;type=jpg\">\r\n			<img alt=\"\"\r\n				src=\"//nimg.ws.126.net/?url=http%3A%2F%2Fdingyue.ws.126.net%2F2021%2F1113%2F59e6474aj00r2ik0e0006d2006k0051g006k0051.jpg&amp;thumbnail=750x2147483647&amp;quality=85&amp;type=jpg?imageView&amp;thumbnail=750x0&amp;quality=85&amp;type=jpg&amp;interlace=1\">\r\n			<span></span>\r\n		</a>\r\n	</div>\r\n	<p id=\"0DMM6TIP\">为深入贯彻习近平新时代中国特色社会主义思想和党的十九大及十九届六中全会精神，充分发挥<a\r\n			href=\"https://news.163.com/news/search?keyword=%E5%AD%A6%E6%A0%A1\">学校</a>党支部书记、校长等领导班子成员在思政工作中的带头作用，定州市开元学校结合自身实际，由校领导牵头，开展“行走的思政课”<a\r\n			href=\"https://news.163.com/news/search?keyword=%E6%95%99%E8%82%B2\">教育</a>活动。</p>\r\n	<div class=\"photo\">\r\n		<a\r\n			href=\"//nimg.ws.126.net/?url=http%3A%2F%2Fdingyue.ws.126.net%2F2021%2F1113%2F490586cbj00r2ik0f0024d200u000k0g00u000k0.jpg&amp;thumbnail=750x2147483647&amp;quality=85&amp;type=jpg\">\r\n			<img alt=\"\"\r\n				src=\"//nimg.ws.126.net/?url=http%3A%2F%2Fdingyue.ws.126.net%2F2021%2F1113%2F490586cbj00r2ik0f0024d200u000k0g00u000k0.jpg&amp;thumbnail=750x2147483647&amp;quality=85&amp;type=jpg?imageView&amp;thumbnail=750x0&amp;quality=85&amp;type=jpg&amp;interlace=1\">\r\n			<span></span>\r\n		</a>\r\n	</div>\r\n	<p id=\"0DMM6TIV\">\r\n		11月11日，在定州市开元学校行政楼三楼，一堂别开生面的思政课在冬日暖阳中悄然拉开序幕。在这个特殊的课堂上，作为本次思政课的主讲人，定州市开元学校党支部书记、校长周永超用细致入微的讲解方式，生动而接地气的讲解语言，将崇高的爱国情感牢牢地树立在孩子们的心中。\r\n	</p>\r\n	<div class=\"photo\">\r\n		<a\r\n			href=\"//nimg.ws.126.net/?url=http%3A%2F%2Fdingyue.ws.126.net%2F2021%2F1113%2Ff53a0ae9j00r2ik0f0026d200u000k0g00u000k0.jpg&amp;thumbnail=750x2147483647&amp;quality=85&amp;type=jpg\">\r\n			<img alt=\"\"\r\n				src=\"//nimg.ws.126.net/?url=http%3A%2F%2Fdingyue.ws.126.net%2F2021%2F1113%2Ff53a0ae9j00r2ik0f0026d200u000k0g00u000k0.jpg&amp;thumbnail=750x2147483647&amp;quality=85&amp;type=jpg?imageView&amp;thumbnail=750x0&amp;quality=85&amp;type=jpg&amp;interlace=1\">\r\n			<span></span>\r\n		</a>\r\n	</div>\r\n</div>\r\n', '0', '0', '3', '0');
INSERT INTO `tab_detail` VALUES ('14', '学好新中国史这门必修课', '中国军网综合', '2021-11-13', '2', '<div class=\"article-content p-t\" id=\"article-content\">\r\n         \r\n                <div id=\"wxsimgbox\"></div>\r\n                <!--文章正文-->\r\n                <!--HTMLBOX-->\r\n<!--enpproperty <articleid>9589221</articleid><date>2019-08-14 07:00:31.0</date><author>卫星杰</author><title>学好新中国史这门必修课</title><keyword></keyword><subtitle></subtitle><introtitle></introtitle><siteid>351</siteid><nodeid>61198</nodeid><nodename>要闻要论</nodename><nodesearchname>军媒要闻要论</nodesearchname>/enpproperty--><!--enpcontent--><!--enpcontent--><p style=\"MARGIN: 0px 3px 15px\"><strong>再过1个多月，我们将迎来新中国成立70周年。“欲知大道，必先知史。”对于每名官兵来说，纪念新中国成立70周年，一个重要前提就是要修好新中国史这门必修课。</strong></p>\r\n<p style=\"MARGIN: 0px 3px 15px\"><strong>请关注今日出版的《解放军报》的详细报道——</strong></p>\r\n<center><img id=\"12760802\" title=\"\" border=\"0\" src=\"http://www.81.cn/jmywyl/attachement/png/site351/20190814/309c236f8c3b1ebd859a14.png\" sourcedescription=\"编辑提供的本地文件\" sourcename=\"本地文件\"></center>\r\n<p style=\"MARGIN: 0px 3px 15px\"><strong>学好新中国史这门必修课</strong></p>\r\n<p style=\"MARGIN: 0px 3px 15px\">■卫星杰</p>\r\n<p style=\"MARGIN: 0px 3px 15px\">70年高岸深谷，70载沧海桑田。</p>\r\n<p style=\"MARGIN: 0px 3px 15px\">再过1个多月，我们将迎来新中国成立70周年。“欲知大道，必先知史。”对于每名官兵来说，纪念新中国成立70周年，一个重要前提就是要修好新中国史这门必修课。</p>\r\n<p style=\"MARGIN: 0px 3px 15px\">历史好比一位长者，从与他的对话切磋中，我们可以活跃思维、启迪思想、发现真谛。前不久，中央“不忘初心、牢记使命”主题教育领导小组专门印发通知，要求各地区、各部门、各单位把学习党史、新中国史作为主题教育的重要内容。</p>\r\n<p style=\"MARGIN: 0px 3px 15px\">“历史是现实的根源，任何一个国家的今天都来自昨天。只有了解一个国家从哪里来，才能弄懂这个国家今天怎么会是这样而不是那样，也才能搞清楚这个国家未来会往哪里去和不会往哪里去。”学习新中国史，是坚持和发展中国特色社会主义、把党和国家各项事业继续推向前进的必修课，这门功课不仅必修，而且必须修好。</p>\r\n<p style=\"MARGIN: 0px 3px 15px\">“历史就是我们的一切”，新中国史也不例外。历史的海洋里有理性的选择、伟大的梦想、不懈的奋斗、深刻的启迪，有我们取之不尽、用之不竭的力量源泉和精神财富。学习新中国史，目的就是以史为鉴、以史资政、以史育人、以史化风，做到知史爱党、知史爱国、知史爱军。</p>\r\n<p style=\"MARGIN: 0px 3px 15px\">“一唱雄鸡天下白。”新中国的诞生犹如磅礴的日出，一扫旧中国的沉沉黑暗，照亮了民族复兴的崭新征程。新中国建设初期，我们在一穷二白的情况下，很快创造了“两弹一星”工程的奇迹。这深刻说明：把国人的爱国心、报国志激发出来，什么样的人间奇迹都能创造出来。</p>\r\n<p style=\"MARGIN: 0px 3px 15px\">20世纪80年代末90年代初，在苏联解体、东欧剧变的国际背景下，新中国经受住了严峻考验，始终高举中国特色社会主义大旗，与时俱进把中国特色社会主义推向21世纪。这深刻启示我们：不管国际风云如何变幻，都要坚决捍卫中国特色社会主义，都要坚定道路自信、理论自信、制度自信、文化自信。</p>\r\n<p style=\"MARGIN: 0px 3px 15px\">进入新时代，我们党解决了许多长期想解决而没有解决的问题，办成了许多过去想办而没有办成的大事，推动党和国家各项事业取得全方位、开创性成就，实现深层次、根本性变革。这深刻证明：只要不断增强守初心、担使命的思想和行动自觉，就一定能不断把强国强军事业推向前进。</p>\r\n<p style=\"MARGIN: 0px 3px 15px\">历史是精神的故乡，是最好的教科书，也是最好的营养剂、清醒剂。走进历史、学习历史、触摸历史，对正确认识党情、国情、军情十分必要，对开创未来也十分必要。</p>\r\n<p style=\"MARGIN: 0px 3px 15px\">历史是复杂的，从来都是系统的、不可分割的。要看清楚新中国的历史，不仅要了解新中国的重大事件、重要会议、重要文件、重要人物，还要树立一种大历史观，真正弄清楚我们从哪里来、往哪里去，弄清楚艰苦卓绝是什么、是怎么来的。</p>\r\n<p style=\"MARGIN: 0px 3px 15px\">修好新中国史这门必修课，不能不学好中华民族5000多年的文明史，特别是中国人民近代以来170多年的斗争史。鸦片战争以来，中国历经磨难，受尽屈辱。一部中国近现代史无声地告诉我们：落后就要挨打，贫弱就要受欺负、遭奴役。唯有励精图治、奋发图强，建设好新中国，才能迎来光明的未来。</p>\r\n<p style=\"MARGIN: 0px 3px 15px\">党是领导一切的。修好新中国史这门必修课，不能不学好中国共产党98年的历史。中国共产党的领导，是中国、中华民族、中国人民的一大幸事，是中国特色社会主义最本质的特征和最大制度优势，是当代中国取得一切发展进步的根本政治前提和保证。中国人民走向站起来、富起来、强起来的光明大道，根本在于中国共产党的坚强领导。新中国70年的历史轨迹清楚表明，没有共产党，就没有新中国；有了共产党，中国的面貌就焕然一新。</p>\r\n<p style=\"MARGIN: 0px 3px 15px\">国家大柄，莫重于兵。修好新中国史这门必修课，不能不学好人民军队92年的历史。在解放战争的隆隆炮声中，新中国宣告成立。一定意义上讲，新中国是人民军队经过22年英勇斗争、浴血奋战换来的。强国必须强军，军强才能国安。新中国成立70年来，人民军队积极投身社会主义革命和建设、投身改革开放新的伟大革命，成为保卫人民幸福生活、保卫祖国和世界和平坚不可破的强大力量。可以说，在追梦圆梦的征程上，强军梦与中国梦交相辉映、密不可分。</p>\r\n<p style=\"MARGIN: 0px 3px 15px\">有人说：“谁忘记历史，谁就会在灵魂上生病。”瞿秋白也说过：“人爱自己的历史，好比鸟爱自己的翅膀，请勿撕破我的翅膀。”在喜迎新中国成立70周年的日子里，每名官兵都要把自己摆进去，真学深学，认真修好党史国史军史，学会历史思维，培养历史眼光，增强历史担当，为推进强国强军事业不懈奋斗。</p>\r\n<p style=\"MARGIN: 0px 3px 15px\">（作者单位：96711部队）</p><!--/enpcontent--><!--/enpcontent-->\r\n				<!--HTMLBOX-->\r\n            </div>', '0', '0', '3', '0');
INSERT INTO `tab_detail` VALUES ('16', '党史、新中国史宣传（第二十期） ', '搜狐新闻', '2021-11-17', '2', '<article class=\"article\" id=\"mp-editor\">\r\n    <!-- 政务处理 -->\r\n          <p data-role=\"original-title\" style=\"display:none\">原标题：党史、新中国史宣传（第二十期）</p>\r\n              <!--                                                                                          -->\r\n            <p>党史、新中国史宣传（第二十期） </p> \r\n<p style=\"text-align: center;\"><img src=\"//5b0988e595225.cdn.sohucs.com/images/20191225/9b2d1684470f48aba8dee9df9159fcf8.jpeg\"></p> \r\n<p style=\"text-align: center;\"><img src=\"//5b0988e595225.cdn.sohucs.com/images/20191225/ba028312db0b4b62b176adaf71a82f30.jpeg\"></p> \r\n<p style=\"text-align: center;\"><img src=\"//5b0988e595225.cdn.sohucs.com/images/20191225/97989985ce514c7fa17b549ff0bd1fb3.jpeg\"></p> \r\n<p style=\"text-align: center;\"><img src=\"//5b0988e595225.cdn.sohucs.com/images/20191225/1560fe3617c844b39ddb41b858c20b9f.jpeg\"></p> \r\n<p style=\"text-align: center;\"><img src=\"//5b0988e595225.cdn.sohucs.com/images/20191225/8c733ba921f0404aa42ad2a6ff5ff296.jpeg\"></p> \r\n<p style=\"text-align: center;\"><img src=\"//5b0988e595225.cdn.sohucs.com/images/20191225/9be87cda28ed4a798ea2ae7c4e8bba8f.jpeg\"></p> \r\n<p style=\"text-align: center;\"><img src=\"//5b0988e595225.cdn.sohucs.com/images/20191225/e3bf48c5badd428a92fecea5c1884405.jpeg\"></p> \r\n<p style=\"text-align: center;\"><img src=\"//5b0988e595225.cdn.sohucs.com/images/20191225/0387615bd4d247e49640c0b8e5024e9f.jpeg\"></p> \r\n<p style=\"text-align: center;\"><img src=\"//5b0988e595225.cdn.sohucs.com/images/20191225/a81b31638f1c4316abcd18307b55fece.jpeg\"></p> \r\n<p style=\"text-align: center;\"><img src=\"//5b0988e595225.cdn.sohucs.com/images/20191225/93e3c9a8f5984b389356205f43e77ec0.jpeg\"></p>\r\n</article>', '1', '1', '3', '0');
INSERT INTO `tab_detail` VALUES ('17', '宣讲家图解：跟着总书记的脚步学习党史、新中国史 ', '搜狐新闻', '2021-11-17', '1', '<article class=\"article\" id=\"mp-editor\">\r\n    <!-- 政务处理 -->\r\n          <p data-role=\"original-title\" style=\"display:none\">原标题：宣讲家图解：跟着总书记的脚步学习党史、新中国史</p>\r\n              <!--                                                                                  -->\r\n            <p>党的十八大以来，以习近平同志为核心的党中央把对党史、新中国史的学习提升到了新高度。上海中共一大会址、浙江嘉兴南湖红船、江西于都红军长征集结出发地、淮海战役纪念馆、北京香山革命纪念地……宣讲家网特别策划图解，跟着习近平总书记的脚步，让我们一起回顾历史，砥砺前行。</p> \r\n<p class=\"ql-align-center\"><img src=\"http://p7.itc.cn/images01/20200811/66b6ff55d1fe4a7c96d4969720ef7e61.jpeg\" max-width=\"600\"></p> \r\n<p class=\"ql-align-center\"><img src=\"http://p1.itc.cn/images01/20200811/648e34ef76d24caf9d284aa1d1165429.jpeg\" max-width=\"600\"></p> \r\n<p class=\"ql-align-center\"><img src=\"http://p7.itc.cn/images01/20200811/34f12a79b73d4dedb00733c4e7366194.jpeg\" max-width=\"600\"></p> \r\n<p class=\"ql-align-center\"><img src=\"http://p9.itc.cn/images01/20200811/d547426865ce43608f11354c41c783d7.jpeg\" max-width=\"600\"></p> \r\n<p class=\"ql-align-center\"><img src=\"http://p4.itc.cn/images01/20200811/5f61521ba7cd47d197d41c281bcdd104.jpeg\" max-width=\"600\"></p> \r\n<p class=\"ql-align-center\"><img src=\"http://p2.itc.cn/images01/20200811/b907ad424f7b4c7bb268a5ec0c99f8c2.jpeg\" max-width=\"600\"></p> \r\n<p class=\"ql-align-center\"><img src=\"http://p0.itc.cn/images01/20200811/8e6890018f494082ae72322f78091829.jpeg\" max-width=\"600\"></p> \r\n<p class=\"ql-align-center\"><img src=\"http://p3.itc.cn/images01/20200811/e8ec09584ef942f1b3b2f09606a8cc10.jpeg\" max-width=\"600\"></p> \r\n<p class=\"ql-align-center\"><img src=\"http://p8.itc.cn/images01/20200811/d5e48eb6d07d4f26a03a411f787ca062.jpeg\" max-width=\"600\"></p>\r\n</article>', '0', '0', '3', '0');

-- ----------------------------
-- Table structure for `tab_learn`
-- ----------------------------
DROP TABLE IF EXISTS `tab_learn`;
CREATE TABLE `tab_learn` (
  `learn_id` int(11) NOT NULL AUTO_INCREMENT,
  `name` varchar(255) DEFAULT NULL,
  PRIMARY KEY (`learn_id`)
) ENGINE=InnoDB AUTO_INCREMENT=6 DEFAULT CHARSET=utf8;

-- ----------------------------
-- Records of tab_learn
-- ----------------------------
INSERT INTO `tab_learn` VALUES ('2', '红色故事');
INSERT INTO `tab_learn` VALUES ('3', '示范团课');
INSERT INTO `tab_learn` VALUES ('4', '学习路上');
INSERT INTO `tab_learn` VALUES ('5', '苗苗“会”学习');

-- ----------------------------
-- Table structure for `tab_tags`
-- ----------------------------
DROP TABLE IF EXISTS `tab_tags`;
CREATE TABLE `tab_tags` (
  `tag_id` int(11) NOT NULL AUTO_INCREMENT,
  `name` varchar(255) DEFAULT NULL,
  PRIMARY KEY (`tag_id`)
) ENGINE=InnoDB AUTO_INCREMENT=6 DEFAULT CHARSET=utf8;

-- ----------------------------
-- Records of tab_tags
-- ----------------------------
INSERT INTO `tab_tags` VALUES ('1', '习近平');
INSERT INTO `tab_tags` VALUES ('2', '党史');
INSERT INTO `tab_tags` VALUES ('3', '新中国史');
INSERT INTO `tab_tags` VALUES ('4', '社会主义');
INSERT INTO `tab_tags` VALUES ('5', '总书记');

-- ----------------------------
-- Table structure for `tab_thumbnail`
-- ----------------------------
DROP TABLE IF EXISTS `tab_thumbnail`;
CREATE TABLE `tab_thumbnail` (
  `thumbnail_id` int(11) NOT NULL AUTO_INCREMENT,
  `image` varchar(255) DEFAULT NULL,
  `detail_id` int(11) DEFAULT NULL,
  PRIMARY KEY (`thumbnail_id`),
  KEY `detail_id` (`detail_id`),
  CONSTRAINT `tab_thumbnail_ibfk_1` FOREIGN KEY (`detail_id`) REFERENCES `tab_detail` (`detail_id`) ON DELETE CASCADE ON UPDATE CASCADE
) ENGINE=InnoDB AUTO_INCREMENT=22 DEFAULT CHARSET=utf8;

-- ----------------------------
-- Records of tab_thumbnail
-- ----------------------------
INSERT INTO `tab_thumbnail` VALUES ('1', 'http://paper.people.com.cn/rmrb/images/2021-11/13/01/rmrb2021111301p21_b.jpg', '1');
INSERT INTO `tab_thumbnail` VALUES ('2', 'http://www.gov.cn/xinwen/2021-11/11/5650240/images/bcfd9a6082684957981dc1409dd21dfe.jpg', '2');
INSERT INTO `tab_thumbnail` VALUES ('3', 'https://pic.rmb.bdstatic.com/bjh/down/8cd191a95629bbfbb487faacedf22439.gif', '3');
INSERT INTO `tab_thumbnail` VALUES ('4', 'https://asset-oss.nfzz.net.cn/__asset/5b6c87dc9c/42da1a99b1.jpeg', '4');
INSERT INTO `tab_thumbnail` VALUES ('5', 'https://n3.cmsfile.pg0.cn/group1/M00/05/D7/Cgqg2FWXzpyAILzmAAFpUJscXSs812.jpg', '5');
INSERT INTO `tab_thumbnail` VALUES ('6', 'https://p6.itc.cn/q_70/images03/20210914/69c1eb598b0c4d6ebbd864b33aa36807.jpeg', '6');
INSERT INTO `tab_thumbnail` VALUES ('7', 'https://5b0988e595225.cdn.sohucs.com/images/20190817/63a10690b3d44712921d22a3f98b102b.jpeg', '7');
INSERT INTO `tab_thumbnail` VALUES ('8', 'http://5b0988e595225.cdn.sohucs.com/images/20181229/640ae41865a6419fb31333cc4c1b10f2.jpeg', '8');
INSERT INTO `tab_thumbnail` VALUES ('9', 'http://5b0988e595225.cdn.sohucs.com/images/20190706/ce829630a3054531a1f01a0938a7dc4a.jpeg', '9');
INSERT INTO `tab_thumbnail` VALUES ('10', 'http://5b0988e595225.cdn.sohucs.com/images/20181005/ec3df69b6906487fa606bb3baba65818.jpeg', '10');
INSERT INTO `tab_thumbnail` VALUES ('11', 'http://www.people.com.cn/mediafile/pic/20140811/22/12942393187167500178.jpg', '11');
INSERT INTO `tab_thumbnail` VALUES ('12', 'https://inews.gtimg.com/newsapp_bt/0/14161971438/641', '12');
INSERT INTO `tab_thumbnail` VALUES ('13', 'http://dingyue.ws.126.net/2021/1113/490586cbj00r2ik0f0024d200u000k0g00u000k0.jpg', '13');
INSERT INTO `tab_thumbnail` VALUES ('14', 'http://www.81.cn/jmywyl/attachement/png/site351/20190814/309c236f8c3b1ebd859a14.png', '14');
INSERT INTO `tab_thumbnail` VALUES ('15', 'https://5b0988e595225.cdn.sohucs.com/images/20191225/9b2d1684470f48aba8dee9df9159fcf8.jpeg', '16');
INSERT INTO `tab_thumbnail` VALUES ('16', 'https://p7.itc.cn/images01/20200811/66b6ff55d1fe4a7c96d4969720ef7e61.jpeg', '17');
INSERT INTO `tab_thumbnail` VALUES ('17', 'https://www.ccps.gov.cn/xtt/202111/W020211113411866673680.jpg', '1');
INSERT INTO `tab_thumbnail` VALUES ('18', 'https://www.ccps.gov.cn/xtt/202111/W020211113411866682868.jpg', '1');
INSERT INTO `tab_thumbnail` VALUES ('20', 'https://asset-oss.nfzz.net.cn/__asset/5b6c87dc9c/1d7b53becb.jpeg', '4');
INSERT INTO `tab_thumbnail` VALUES ('21', 'https://gimg2.baidu.com/image_search/src=http%3A%2F%2Fimg.book118.com%2Fsr1%2FM00%2F19%2F3B%2FwKh2Al7_AVWIbeajAAHD6Lkmet8AAjy7AH5kjcAAcQA024.jpg', '4');

-- ----------------------------
-- Table structure for `tab_user`
-- ----------------------------
DROP TABLE IF EXISTS `tab_user`;
CREATE TABLE `tab_user` (
  `user_id` int(11) NOT NULL AUTO_INCREMENT,
  `username` varchar(255) DEFAULT NULL,
  `password` varchar(255) DEFAULT NULL,
  `description` varchar(255) DEFAULT NULL,
  `nick_name` varchar(255) DEFAULT NULL,
  `avatar_url` varchar(255) DEFAULT NULL,
  PRIMARY KEY (`user_id`)
) ENGINE=InnoDB AUTO_INCREMENT=5 DEFAULT CHARSET=utf8;

-- ----------------------------
-- Records of tab_user
-- ----------------------------
INSERT INTO `tab_user` VALUES ('1', 'user', '123456', '签名', '大坏蛋', 'https://wallpaper-one.oss-cn-beijing.aliyuncs.com/wallpaper/headportrait.png');
INSERT INTO `tab_user` VALUES ('2', 'user2', '123456', '这是我的个性签名', '小花花', 'https://wallpaper-one.oss-cn-beijing.aliyuncs.com/head/604832d749904d4b827cbc89eb4efa92.jpeg');
INSERT INTO `tab_user` VALUES ('3', '1125851309@qq.com', '001123', '小小学四史', '小小', 'https://wallpaper-one.oss-cn-beijing.aliyuncs.com/head/7ffe266862ba45a2883a56c7741008bf.jpeg');
INSERT INTO `tab_user` VALUES ('4', '2528001304@qq.com', '123456', null, '大宝', 'https://wallpaper-one.oss-cn-beijing.aliyuncs.com/head/fd1f0ab6537d437ebf5bf84a5b767f27.jpeg');

-- ----------------------------
-- Table structure for `tab_user_detail`
-- ----------------------------
DROP TABLE IF EXISTS `tab_user_detail`;
CREATE TABLE `tab_user_detail` (
  `user_detail_id` int(11) NOT NULL AUTO_INCREMENT,
  `islike` tinyint(4) DEFAULT NULL,
  `isfav` tinyint(4) DEFAULT NULL,
  `detail_id` int(11) DEFAULT NULL,
  `user_id` int(11) DEFAULT NULL,
  PRIMARY KEY (`user_detail_id`),
  KEY `detail_id` (`detail_id`),
  KEY `user_id` (`user_id`),
  CONSTRAINT `tab_user_detail_ibfk_1` FOREIGN KEY (`detail_id`) REFERENCES `tab_detail` (`detail_id`) ON DELETE CASCADE ON UPDATE CASCADE,
  CONSTRAINT `tab_user_detail_ibfk_2` FOREIGN KEY (`user_id`) REFERENCES `tab_user` (`user_id`) ON DELETE CASCADE ON UPDATE CASCADE
) ENGINE=InnoDB AUTO_INCREMENT=12 DEFAULT CHARSET=utf8;

-- ----------------------------
-- Records of tab_user_detail
-- ----------------------------
INSERT INTO `tab_user_detail` VALUES ('4', '1', '0', '1', '1');
INSERT INTO `tab_user_detail` VALUES ('5', '1', null, '2', '1');
INSERT INTO `tab_user_detail` VALUES ('6', '1', null, '16', '2');
INSERT INTO `tab_user_detail` VALUES ('7', null, '1', '2', '2');
INSERT INTO `tab_user_detail` VALUES ('8', '1', null, '3', '3');
INSERT INTO `tab_user_detail` VALUES ('9', null, '1', '4', '3');
INSERT INTO `tab_user_detail` VALUES ('10', '1', null, '1', '3');
INSERT INTO `tab_user_detail` VALUES ('11', '1', '1', '4', '4');

-- ----------------------------
-- Table structure for `tab_user_learn`
-- ----------------------------
DROP TABLE IF EXISTS `tab_user_learn`;
CREATE TABLE `tab_user_learn` (
  `user_learn_id` int(11) NOT NULL AUTO_INCREMENT,
  `study` tinyint(4) DEFAULT NULL,
  `user_id` int(11) DEFAULT NULL,
  `learn_detail_id` int(11) DEFAULT NULL,
  PRIMARY KEY (`user_learn_id`),
  KEY `user_id` (`user_id`),
  KEY `learn_detail_id` (`learn_detail_id`),
  CONSTRAINT `tab_user_learn_ibfk_1` FOREIGN KEY (`user_id`) REFERENCES `tab_user` (`user_id`) ON DELETE CASCADE ON UPDATE CASCADE,
  CONSTRAINT `tab_user_learn_ibfk_2` FOREIGN KEY (`learn_detail_id`) REFERENCES `learn_detail` (`learn_detail_id`) ON DELETE CASCADE ON UPDATE CASCADE
) ENGINE=InnoDB AUTO_INCREMENT=9 DEFAULT CHARSET=utf8;

-- ----------------------------
-- Records of tab_user_learn
-- ----------------------------
INSERT INTO `tab_user_learn` VALUES ('3', '1', '1', '19');
INSERT INTO `tab_user_learn` VALUES ('4', '1', '1', '29');
INSERT INTO `tab_user_learn` VALUES ('5', '1', '3', '9');
INSERT INTO `tab_user_learn` VALUES ('6', '1', '3', '29');
INSERT INTO `tab_user_learn` VALUES ('7', '1', '3', '39');
INSERT INTO `tab_user_learn` VALUES ('8', '1', '3', '19');
